slot,n_pax,mean_wait,p95_wait,p95_wait_mc_halfwidth,airport,date,plan
0,379.1,0.03214449084348793,0.21652054050588426,0.08981856556659155,ATL,2026-06-07,optimised
1,624.6,0.6686242792401321,1.8410402341581504,0.38389226256167397,ATL,2026-06-07,optimised
2,995.7666666666667,0.015090161850320792,0.09480224058908718,0.09558806720026203,ATL,2026-06-07,optimised
3,1551.1333333333334,0.48316662404121924,1.4099350652777252,0.3223664705632757,ATL,2026-06-07,optimised
4,2141.4666666666667,0.060171328874334996,0.36181770175671624,0.1914558953166968,ATL,2026-06-07,optimised
5,2720.866666666667,0.4871287947941666,1.3037307066424928,0.15751132465725512,ATL,2026-06-07,optimised
6,3082.3,0.6281153716431103,1.2423306362339983,0.22263418645265978,ATL,2026-06-07,optimised
7,3182.3,0.7560826466147942,1.239122645695631,0.34782835746407087,ATL,2026-06-07,optimised
8,3298.3,0.8779607349921486,1.3841298944151086,0.37570135199129084,ATL,2026-06-07,optimised
9,3323.0666666666666,0.8439385002635034,1.31692300552765,0.4193440415931913,ATL,2026-06-07,optimised
10,3302.1666666666665,1.0178082094523822,1.5419740994912488,0.43214952549771235,ATL,2026-06-07,optimised
11,3048.133333333333,0.5028281716385181,1.0930561190656074,0.4028925851186344,ATL,2026-06-07,optimised
12,2659.9666666666667,0.5979455463845007,1.1330043573669941,0.28267674765505935,ATL,2026-06-07,optimised
13,2384.733333333333,0.15824276201836385,0.5682020142008849,0.1821481383404709,ATL,2026-06-07,optimised
14,2119.8,0.15854274426966447,0.46360676927128314,0.11693595433340352,ATL,2026-06-07,optimised
15,2019.2333333333333,0.06604887065967385,0.33220113726671907,0.1007064568836934,ATL,2026-06-07,optimised
16,2137.9666666666667,0.2817025405827184,0.7678281953560055,0.17177913642639325,ATL,2026-06-07,optimised
17,2192.133333333333,0.45296039464909904,0.9100542252059427,0.20319408226965052,ATL,2026-06-07,optimised
18,2321.5333333333333,0.28803806331642234,0.7256983915579517,0.1736443274606001,ATL,2026-06-07,optimised
19,2427.3,0.41465178939695335,0.9149948957597346,0.1952535057498864,ATL,2026-06-07,optimised
20,2421.3,0.688836836348726,1.1705823929458652,0.25371952071724607,ATL,2026-06-07,optimised
21,2447.866666666667,0.7033196357388586,1.2552291471850585,0.28540551550737775,ATL,2026-06-07,optimised
22,2354.766666666667,0.9324258513740981,1.481435221536186,0.515500548238403,ATL,2026-06-07,optimised
23,2177.133333333333,0.5065617671321802,0.9570003207378962,0.49780870041880776,ATL,2026-06-07,optimised
24,2213.6,0.6151582934419291,1.224812037671938,0.33092741175534457,ATL,2026-06-07,optimised
25,2118.6,0.5870615163147826,1.1284884876088648,0.30486312300136525,ATL,2026-06-07,optimised
26,1965.5333333333333,0.1825485084454314,0.5496485051340695,0.27349051843817895,ATL,2026-06-07,optimised
27,1884.4,0.035410667217842674,0.1952633299476254,0.053282458919599734,ATL,2026-06-07,optimised
28,1871.5,0.056931723295014315,0.2880627149368309,0.06523789760042253,ATL,2026-06-07,optimised
29,2035.5,0.3646096487643476,0.8933139712788187,0.16542039166526526,ATL,2026-06-07,optimised
30,2145.8,0.008158319616408316,0.07060240519807508,0.05549759682170479,ATL,2026-06-07,optimised
31,2146.866666666667,0.00027066924709958376,4.6596988455955005e-05,9.132841918313254e-05,ATL,2026-06-07,optimised
32,1938.8,0.000653436752798791,0.0016927297101926725,0.002271916908866036,ATL,2026-06-07,optimised
33,1813.2,0.00033171438693978153,0.0,0.0,ATL,2026-06-07,optimised
34,1669.0,0.581381847449562,1.2094067410889702,0.23205781276230464,ATL,2026-06-07,optimised
35,1531.0333333333333,0.49862222922834404,1.1415794610916117,0.3124280638694896,ATL,2026-06-07,optimised
36,1295.0333333333333,0.7004437151571793,1.334172045062957,0.3239404944559467,ATL,2026-06-07,optimised
37,804.2666666666667,0.0934711347091086,0.3606909472479127,0.2838438326598079,ATL,2026-06-07,optimised
38,190.23333333333332,3.403025894280904,5.811589164338479,0.7846102266613266,ATL,2026-06-07,optimised
39,8.033333333333333,0.005117173122169636,0.020468692488678542,0.04011790009784997,ATL,2026-06-07,optimised
40,0.0,0.0,0.0,0.0,ATL,2026-06-07,optimised
41,0.0,0.0,0.0,0.0,ATL,2026-06-07,optimised
42,0.0,0.0,0.0,0.0,ATL,2026-06-07,optimised
43,0.0,0.0,0.0,0.0,ATL,2026-06-07,optimised
44,0.3333333333333333,0.0,0.0,0.0,ATL,2026-06-07,optimised
45,19.9,0.319355080361832,1.3050431555896018,0.5247136923758012,ATL,2026-06-07,optimised
0,382.73333333333335,0.8190796431838165,2.3546323470213495,0.3949713668932436,ATL,2026-06-07,rule_of_thumb
1,627.2333333333333,1.0627504278591067,2.2707158978398967,0.4554584171667943,ATL,2026-06-07,rule_of_thumb
2,991.9666666666667,0.5654711756072519,1.4749141490605313,0.25839285837834064,ATL,2026-06-07,rule_of_thumb
3,1521.4666666666667,0.43219950710968436,1.1879002421004823,0.2378031801969879,ATL,2026-06-07,rule_of_thumb
4,2153.4333333333334,0.7560075123167637,1.5106185638593292,0.3512698370371937,ATL,2026-06-07,rule_of_thumb
5,2694.1666666666665,0.8488589131345851,1.5934660013253479,0.36487772313045247,ATL,2026-06-07,rule_of_thumb
6,3081.233333333333,1.0024190874006877,1.5675419948383114,0.34270948426573766,ATL,2026-06-07,rule_of_thumb
7,3181.1666666666665,1.113605048130343,1.6367813675027376,0.39418704013512085,ATL,2026-06-07,rule_of_thumb
8,3298.3333333333335,1.0021811695835285,1.5094022546210073,0.36718986361096656,ATL,2026-06-07,rule_of_thumb
9,3290.0,0.9133317662347695,1.3839761040650171,0.3385793661988996,ATL,2026-06-07,rule_of_thumb
10,3290.4666666666667,0.7301090899698227,1.2055036868456779,0.3724857765797316,ATL,2026-06-07,rule_of_thumb
11,3039.633333333333,0.7292765427926123,1.214534611438075,0.34553828820908267,ATL,2026-06-07,rule_of_thumb
12,2670.4666666666667,0.8415234748048754,1.389042574418784,0.4313734423354166,ATL,2026-06-07,rule_of_thumb
13,2393.9666666666667,0.9972296682968985,1.558640148867925,0.5065688935123918,ATL,2026-06-07,rule_of_thumb
14,2143.3333333333335,1.47595887939741,2.1156766462445677,0.6824701145539482,ATL,2026-06-07,rule_of_thumb
15,2027.2333333333333,1.1536744960158687,1.7521039137748518,0.7093135132465856,ATL,2026-06-07,rule_of_thumb
16,2131.4,1.4039838554417499,1.9622263488655003,0.7388590182569036,ATL,2026-06-07,rule_of_thumb
17,2193.133333333333,1.3505141442449549,1.9710118709721531,0.7321649976359891,ATL,2026-06-07,rule_of_thumb
18,2321.4666666666667,1.0788175860368912,1.7078788909656575,0.5589212991805111,ATL,2026-06-07,rule_of_thumb
19,2426.0666666666666,0.8748722301036241,1.4005232251705613,0.44023157998667106,ATL,2026-06-07,rule_of_thumb
20,2416.0,0.763529517734209,1.3039711293690686,0.4317469558994917,ATL,2026-06-07,rule_of_thumb
21,2437.233333333333,0.9852439602879841,1.5972844103061967,0.4891891413933257,ATL,2026-06-07,rule_of_thumb
22,2354.6,1.1387338768590223,1.7099072037272955,0.48950348005294925,ATL,2026-06-07,rule_of_thumb
23,2175.4,0.906072840133214,1.459246409385597,0.41727157162910106,ATL,2026-06-07,rule_of_thumb
24,2209.4666666666667,0.8181667158651287,1.4597113619629558,0.41701015861641066,ATL,2026-06-07,rule_of_thumb
25,2122.2,1.2785519435442667,1.9084165223375829,0.5681314444207385,ATL,2026-06-07,rule_of_thumb
26,1966.6666666666667,1.4267475545457549,2.059852304122129,0.547468012747399,ATL,2026-06-07,rule_of_thumb
27,1877.8333333333333,1.2465702873854145,1.9817660654300504,0.5488386218246505,ATL,2026-06-07,rule_of_thumb
28,1871.5333333333333,1.186833421201569,1.8337484359559324,0.5128028461014659,ATL,2026-06-07,rule_of_thumb
29,2020.2333333333333,1.0638319522263364,1.8313518252940235,0.45056636527563443,ATL,2026-06-07,rule_of_thumb
30,2130.633333333333,1.4331298069236484,2.0878532059756605,0.4881289881199952,ATL,2026-06-07,rule_of_thumb
31,2131.3,1.6084750440342142,2.315730484126944,0.5684303501079525,ATL,2026-06-07,rule_of_thumb
32,1950.7666666666667,1.6969235878189353,2.3567220198798267,0.5416246461556206,ATL,2026-06-07,rule_of_thumb
33,1798.8,1.289358577342345,1.9384342404222707,0.5916694603062391,ATL,2026-06-07,rule_of_thumb
34,1651.6,1.1264080665338438,1.8581651673991335,0.6006889124334968,ATL,2026-06-07,rule_of_thumb
35,1535.1,1.414588997533091,2.1582437799227776,0.7928357975650547,ATL,2026-06-07,rule_of_thumb
36,1290.7333333333333,1.678611007261967,2.5758393678142113,0.8857480279116337,ATL,2026-06-07,rule_of_thumb
37,794.7333333333333,5.101178915472943,10.774948935546977,8.020575908342568,ATL,2026-06-07,rule_of_thumb
38,187.96666666666667,16.9684920449024,22.81339529178678,12.654997787714885,ATL,2026-06-07,rule_of_thumb
39,8.366666666666667,15.33685402198751,17.359361996841436,13.01251737032384,ATL,2026-06-07,rule_of_thumb
40,0.0,0.0,0.0,0.0,ATL,2026-06-07,rule_of_thumb
41,0.0,0.0,0.0,0.0,ATL,2026-06-07,rule_of_thumb
42,0.0,0.0,0.0,0.0,ATL,2026-06-07,rule_of_thumb
43,0.0,0.0,0.0,0.0,ATL,2026-06-07,rule_of_thumb
44,0.3,0.0,0.0,0.0,ATL,2026-06-07,rule_of_thumb
45,19.7,0.2652867729977481,1.0446143198229023,0.5164352926871081,ATL,2026-06-07,rule_of_thumb
0,378.1666666666667,0.0,0.0,0.0,ATL,2026-06-07,flat_feasible
1,628.8666666666667,0.0,0.0,0.0,ATL,2026-06-07,flat_feasible
2,998.8666666666667,0.0,0.0,0.0,ATL,2026-06-07,flat_feasible
3,1524.8666666666666,1.4230619773210474e-07,0.0,0.0,ATL,2026-06-07,flat_feasible
4,2143.3,0.0014773798375218965,0.011371655705483383,0.017558445724710953,ATL,2026-06-07,flat_feasible
5,2731.233333333333,0.02474351637297336,0.147504518897942,0.04719745136618462,ATL,2026-06-07,flat_feasible
6,3069.133333333333,0.18322614135684567,0.5227853787645682,0.10712087259772733,ATL,2026-06-07,flat_feasible
7,3168.9,0.4209132576860842,0.8739445375402926,0.26348355261884016,ATL,2026-06-07,flat_feasible
8,3289.9333333333334,1.0616705731287959,1.7678654406035177,0.4486105529897194,ATL,2026-06-07,flat_feasible
9,3321.1,2.0113966320169205,2.69026460377985,0.6175633981461249,ATL,2026-06-07,flat_feasible
10,3307.766666666667,3.266672020016988,3.964470142945517,0.7887946036182358,ATL,2026-06-07,flat_feasible
11,3047.8,3.262819097061782,3.994771889769418,0.8248874198306567,ATL,2026-06-07,flat_feasible
12,2676.4333333333334,1.355595824342903,2.3826834977162528,0.8144404878279585,ATL,2026-06-07,flat_feasible
13,2385.4,0.08863671151911419,0.36242045862917577,0.3591139390816115,ATL,2026-06-07,flat_feasible
14,2120.133333333333,0.00031239385793408576,0.0009900142515700372,0.0019403922777140017,ATL,2026-06-07,flat_feasible
15,2024.4333333333334,0.00014026151985463344,0.0003079815513562304,0.0006036327487026398,ATL,2026-06-07,flat_feasible
16,2145.366666666667,0.0004270166973059643,0.0016796945109225211,0.003212079031214447,ATL,2026-06-07,flat_feasible
17,2177.5666666666666,0.0002967803870651377,0.0,0.0,ATL,2026-06-07,flat_feasible
18,2330.2,0.0018989293855330137,0.011543691889400694,0.009091254645267418,ATL,2026-06-07,flat_feasible
19,2422.366666666667,0.0021449602416784633,0.011801431415967336,0.005712073594177015,ATL,2026-06-07,flat_feasible
20,2416.8,0.002792716395723409,0.017553738557274972,0.014050488466692284,ATL,2026-06-07,flat_feasible
21,2451.233333333333,0.002300581696886628,0.014320836239265668,0.008755424163140806,ATL,2026-06-07,flat_feasible
22,2359.1666666666665,0.0013475543044577261,0.005418947645974289,0.0049499352487597575,ATL,2026-06-07,flat_feasible
23,2190.9666666666667,0.0006589001958404827,0.0027648710538564518,0.004228748214695597,ATL,2026-06-07,flat_feasible
24,2216.866666666667,0.0006864023580812398,0.0024861772047950013,0.0037099735994330116,ATL,2026-06-07,flat_feasible
25,2134.7,0.0004209039826455302,0.001440719870918769,0.0019624029921026724,ATL,2026-06-07,flat_feasible
26,1964.0333333333333,1.730316037504695e-05,0.0,0.0,ATL,2026-06-07,flat_feasible
27,1899.3666666666666,2.850118694183177e-05,0.0,0.0,ATL,2026-06-07,flat_feasible
28,1867.6666666666667,7.553357037306658e-05,0.0,0.0,ATL,2026-06-07,flat_feasible
29,2024.4666666666667,0.00010025947291356828,0.0,0.0,ATL,2026-06-07,flat_feasible
30,2143.9333333333334,0.00028165336569315234,0.0,0.0,ATL,2026-06-07,flat_feasible
31,2137.9,0.0002565880696884635,0.0,0.0,ATL,2026-06-07,flat_feasible
32,1946.1333333333334,8.143464037504612e-05,0.0,0.0,ATL,2026-06-07,flat_feasible
33,1821.2666666666667,1.8516765186693908e-05,0.0,0.0,ATL,2026-06-07,flat_feasible
34,1666.5666666666666,8.529664153513794e-06,0.0,0.0,ATL,2026-06-07,flat_feasible
35,1542.0666666666666,0.0,0.0,0.0,ATL,2026-06-07,flat_feasible
36,1302.0333333333333,0.0,0.0,0.0,ATL,2026-06-07,flat_feasible
37,793.9666666666667,0.0,0.0,0.0,ATL,2026-06-07,flat_feasible
38,188.6,0.0,0.0,0.0,ATL,2026-06-07,flat_feasible
39,8.433333333333334,0.0,0.0,0.0,ATL,2026-06-07,flat_feasible
40,0.0,0.0,0.0,0.0,ATL,2026-06-07,flat_feasible
41,0.0,0.0,0.0,0.0,ATL,2026-06-07,flat_feasible
42,0.0,0.0,0.0,0.0,ATL,2026-06-07,flat_feasible
43,0.0,0.0,0.0,0.0,ATL,2026-06-07,flat_feasible
44,0.4666666666666667,0.0,0.0,0.0,ATL,2026-06-07,flat_feasible
45,20.1,0.0,0.0,0.0,ATL,2026-06-07,flat_feasible
0,377.2,0.0,0.0,0.0,ATL,2026-06-07,peak_everywhere
1,624.0333333333333,0.0,0.0,0.0,ATL,2026-06-07,peak_everywhere
2,991.0666666666667,0.0,0.0,0.0,ATL,2026-06-07,peak_everywhere
3,1533.6,0.0,0.0,0.0,ATL,2026-06-07,peak_everywhere
4,2152.4,0.0001855509200530909,0.0,0.0,ATL,2026-06-07,peak_everywhere
5,2725.3,0.010028267282648908,0.07925684048845462,0.03248351826565829,ATL,2026-06-07,peak_everywhere
6,3071.9666666666667,0.07915285472325322,0.29891359020364167,0.08745755639498361,ATL,2026-06-07,peak_everywhere
7,3182.1666666666665,0.13199870015595072,0.4408225604106972,0.09199064327341078,ATL,2026-06-07,peak_everywhere
8,3303.3,0.3678884175177783,0.838826811940254,0.15127761993316566,ATL,2026-06-07,peak_everywhere
9,3313.8,0.5594699986572879,1.0532564737860024,0.20852271898457567,ATL,2026-06-07,peak_everywhere
10,3271.766666666667,0.6315397305486876,1.107753644328344,0.26792317464435855,ATL,2026-06-07,peak_everywhere
11,3043.633333333333,0.2955918220238019,0.7383099501697535,0.20780759261839182,ATL,2026-06-07,peak_everywhere
12,2693.266666666667,0.007946567484423543,0.06408779400629705,0.023893516378546684,ATL,2026-06-07,peak_everywhere
13,2381.0333333333333,0.0004690851988196177,0.0005308521273612588,0.0010404510509887,ATL,2026-06-07,peak_everywhere
14,2125.6666666666665,4.6762526835632286e-05,0.0,0.0,ATL,2026-06-07,peak_everywhere
15,2025.0333333333333,0.00011258497185605514,0.0,0.0,ATL,2026-06-07,peak_everywhere
16,2137.3,0.00014023363733310743,0.0,0.0,ATL,2026-06-07,peak_everywhere
17,2193.4333333333334,0.00014329142593240852,0.0,0.0,ATL,2026-06-07,peak_everywhere
18,2316.866666666667,0.000354712815620354,0.00029310020636330554,0.0004194663262345769,ATL,2026-06-07,peak_everywhere
19,2439.4333333333334,0.0006777796508237519,0.0009530752102337606,0.0014627400554290276,ATL,2026-06-07,peak_everywhere
20,2402.1,0.0007449770546448587,0.002390296515274782,0.002378287360324122,ATL,2026-06-07,peak_everywhere
21,2438.633333333333,0.0009311042759327109,0.0030343572979556178,0.0026098366094364275,ATL,2026-06-07,peak_everywhere
22,2359.9333333333334,0.0007067540597687805,0.0016878463572709264,0.0027299373440798766,ATL,2026-06-07,peak_everywhere
23,2168.4,0.00019330713153544303,0.00020802808519704104,0.00040772755485471207,ATL,2026-06-07,peak_everywhere
24,2213.4333333333334,0.00017232464862227068,0.0,0.0,ATL,2026-06-07,peak_everywhere
25,2120.366666666667,7.94943565686762e-05,0.0,0.0,ATL,2026-06-07,peak_everywhere
26,1973.5,1.4399653760013914e-05,0.0,0.0,ATL,2026-06-07,peak_everywhere
27,1871.3333333333333,3.852834166528402e-06,0.0,0.0,ATL,2026-06-07,peak_everywhere
28,1859.0666666666666,8.634219788542303e-06,0.0,0.0,ATL,2026-06-07,peak_everywhere
29,2029.2666666666667,2.268398914171745e-05,0.0,0.0,ATL,2026-06-07,peak_everywhere
30,2154.5666666666666,0.00013105982781912715,0.0,0.0,ATL,2026-06-07,peak_everywhere
31,2138.133333333333,9.629156446110144e-05,0.0,0.0,ATL,2026-06-07,peak_everywhere
32,1944.7,1.3143459133089603e-05,0.0,0.0,ATL,2026-06-07,peak_everywhere
33,1802.2,3.826523602171326e-06,0.0,0.0,ATL,2026-06-07,peak_everywhere
34,1664.7666666666667,2.801356000764885e-07,0.0,0.0,ATL,2026-06-07,peak_everywhere
35,1530.0333333333333,0.0,0.0,0.0,ATL,2026-06-07,peak_everywhere
36,1294.0,0.0,0.0,0.0,ATL,2026-06-07,peak_everywhere
37,791.3,0.0,0.0,0.0,ATL,2026-06-07,peak_everywhere
38,185.16666666666666,0.0,0.0,0.0,ATL,2026-06-07,peak_everywhere
39,9.2,0.0,0.0,0.0,ATL,2026-06-07,peak_everywhere
40,0.0,0.0,0.0,0.0,ATL,2026-06-07,peak_everywhere
41,0.0,0.0,0.0,0.0,ATL,2026-06-07,peak_everywhere
42,0.0,0.0,0.0,0.0,ATL,2026-06-07,peak_everywhere
43,0.0,0.0,0.0,0.0,ATL,2026-06-07,peak_everywhere
44,0.3333333333333333,0.0,0.0,0.0,ATL,2026-06-07,peak_everywhere
45,18.866666666666667,0.0,0.0,0.0,ATL,2026-06-07,peak_everywhere
0,403.2,0.01605479000547366,0.115677091127012,0.04924331210316024,ATL,2026-06-08,optimised
1,653.8666666666667,0.4325385241572306,1.367725616378891,0.2907499813712759,ATL,2026-06-08,optimised
2,1021.6666666666666,0.015897042946414898,0.13356939816841237,0.08901366100098328,ATL,2026-06-08,optimised
3,1568.7666666666667,0.4025717985580403,1.3016188563669584,0.22812454404263183,ATL,2026-06-08,optimised
4,2190.866666666667,0.042480838088655305,0.2779966636263433,0.12335033215962139,ATL,2026-06-08,optimised
5,2762.8,0.24676447186119793,0.7557622733668107,0.14280107140829756,ATL,2026-06-08,optimised
6,3101.8,0.37444982542648364,0.8512355856742406,0.16057773069711265,ATL,2026-06-08,optimised
7,3146.9666666666667,0.5589742308464579,1.0458516373895896,0.2508354786435095,ATL,2026-06-08,optimised
8,3241.8,0.7836912409831455,1.3246463349209112,0.29231606373924396,ATL,2026-06-08,optimised
9,3281.3333333333335,0.9963543310690972,1.5965864851285498,0.3211644750838267,ATL,2026-06-08,optimised
10,3262.4666666666667,1.4402583879681154,1.9993354837801531,0.36439222860288606,ATL,2026-06-08,optimised
11,3040.9666666666667,0.8504738076776645,1.4406153223945315,0.3401596342310348,ATL,2026-06-08,optimised
12,2699.733333333333,1.0090425772904543,1.6954445148503021,0.36666330868929214,ATL,2026-06-08,optimised
13,2490.133333333333,0.6439385327474514,1.2010255658510285,0.45334212573811883,ATL,2026-06-08,optimised
14,2257.3,0.5162335697467461,1.0167421613046086,0.3504817978272554,ATL,2026-06-08,optimised
15,2093.9666666666667,0.09367641053023586,0.3684007116015264,0.17180530390499094,ATL,2026-06-08,optimised
16,2122.1,0.2763415437743017,0.7381440295406408,0.14319361282284437,ATL,2026-06-08,optimised
17,2165.233333333333,0.5725848314818627,1.1344526723717892,0.31826733674355184,ATL,2026-06-08,optimised
18,2320.5333333333333,0.20889791365269827,0.7214390291167778,0.20387673649143354,ATL,2026-06-08,optimised
19,2477.0666666666666,0.42598536628389894,0.9723008189792472,0.17607980124018835,ATL,2026-06-08,optimised
20,2511.0666666666666,0.6498614750857048,1.1741720641271542,0.2963706084177212,ATL,2026-06-08,optimised
21,2536.5333333333333,0.8075329536456709,1.4613069984497473,0.27087212657977855,ATL,2026-06-08,optimised
22,2448.5333333333333,1.2360416842091275,1.8079594309448936,0.37208729511103816,ATL,2026-06-08,optimised
23,2266.0666666666666,0.5842076861376436,1.2486274551408747,0.3569226225847301,ATL,2026-06-08,optimised
24,2254.4333333333334,0.5555895563261586,1.0893569723100047,0.2110180899838084,ATL,2026-06-08,optimised
25,2147.3333333333335,0.3606014707772917,0.87330104226267,0.22094650091146653,ATL,2026-06-08,optimised
26,2005.3333333333333,0.04179690126180199,0.238814011958078,0.07628001045056006,ATL,2026-06-08,optimised
27,1974.5666666666666,0.025622611767510576,0.15016296779848287,0.07528503291028943,ATL,2026-06-08,optimised
28,1978.9666666666667,0.10140602178054606,0.3973820295271681,0.09306209198600347,ATL,2026-06-08,optimised
29,2099.633333333333,0.42003217995281916,0.928831470165178,0.2105696438264939,ATL,2026-06-08,optimised
30,2201.2,0.018693831467647786,0.13869944180148466,0.10977715221215072,ATL,2026-06-08,optimised
31,2109.4,0.0001526351184939547,0.0,0.0,ATL,2026-06-08,optimised
32,1878.9666666666667,0.0001883806704062993,0.0,0.0,ATL,2026-06-08,optimised
33,1749.2333333333333,0.00025696120604282884,0.0,0.0,ATL,2026-06-08,optimised
34,1641.6,0.6033949509807571,1.3007340294806362,0.34840694308608633,ATL,2026-06-08,optimised
35,1524.4,0.6473442005386512,1.2794336014539418,0.3405623932493314,ATL,2026-06-08,optimised
36,1275.3333333333333,1.3411380680271472,2.2297803346437877,0.43537327134869835,ATL,2026-06-08,optimised
37,783.8,0.3090212617908774,1.0496861394652608,0.39969718097361384,ATL,2026-06-08,optimised
38,181.46666666666667,2.71498157267663,4.825142705528364,0.7532634749293589,ATL,2026-06-08,optimised
39,9.8,0.0010068036856141706,0.005235379165193668,0.010261154611598948,ATL,2026-06-08,optimised
40,0.0,0.0,0.0,0.0,ATL,2026-06-08,optimised
41,0.0,0.0,0.0,0.0,ATL,2026-06-08,optimised
42,0.0,0.0,0.0,0.0,ATL,2026-06-08,optimised
43,0.0,0.0,0.0,0.0,ATL,2026-06-08,optimised
44,0.3333333333333333,0.0,0.0,0.0,ATL,2026-06-08,optimised
45,20.7,0.1804647651630492,0.7429653538928414,0.4175445097542377,ATL,2026-06-08,optimised
0,405.3666666666667,0.31502580836954625,1.1512568259522702,0.2534562432241802,ATL,2026-06-08,rule_of_thumb
1,650.8,0.3740029533903489,1.1404746264393224,0.26782568843072485,ATL,2026-06-08,rule_of_thumb
2,1017.4666666666667,0.6282714899393862,1.5362730300879575,0.27337901571142487,ATL,2026-06-08,rule_of_thumb
3,1563.3,0.6248972046988155,1.525697358922143,0.2904253711067422,ATL,2026-06-08,rule_of_thumb
4,2193.9333333333334,0.725953990785826,1.4200303651553727,0.2887928371435604,ATL,2026-06-08,rule_of_thumb
5,2763.1,0.7854980857656401,1.4669773266106807,0.2770735948411886,ATL,2026-06-08,rule_of_thumb
6,3108.4333333333334,1.2110619700096557,1.7920013912581831,0.34714670576291423,ATL,2026-06-08,rule_of_thumb
7,3152.6,1.3924389448263395,1.9552168590101964,0.37659443731975195,ATL,2026-06-08,rule_of_thumb
8,3219.5666666666666,1.3087090864029023,1.7387691028382912,0.40314858228225164,ATL,2026-06-08,rule_of_thumb
9,3279.5333333333333,1.395368556117714,1.9915376123561956,0.5504801983156584,ATL,2026-06-08,rule_of_thumb
10,3268.233333333333,1.7224927090875488,2.2542455199478293,0.6161622298574378,ATL,2026-06-08,rule_of_thumb
11,3020.7,2.1025083081416986,2.699354370928901,0.6327770033212095,ATL,2026-06-08,rule_of_thumb
12,2703.7,2.215684260363188,2.820143385015863,0.7577793922963281,ATL,2026-06-08,rule_of_thumb
13,2498.4666666666667,2.0165065844744667,2.571812304905568,0.849125932576701,ATL,2026-06-08,rule_of_thumb
14,2271.633333333333,2.3815047668114655,3.009678358873647,0.9753526294485318,ATL,2026-06-08,rule_of_thumb
15,2086.3,1.837392323781469,2.5600019526302904,0.8964747849752259,ATL,2026-06-08,rule_of_thumb
16,2146.9,1.7547998372773563,2.3856398910540197,0.8050329745026398,ATL,2026-06-08,rule_of_thumb
17,2168.4,1.6516297120904462,2.308690835725919,0.8419304944958865,ATL,2026-06-08,rule_of_thumb
18,2321.0,1.6985510567626052,2.3668232793586146,0.7712402374997149,ATL,2026-06-08,rule_of_thumb
19,2483.6,1.861767309819727,2.528192334340737,0.7310580023685153,ATL,2026-06-08,rule_of_thumb
20,2507.6666666666665,1.8805312516754358,2.495533373027224,0.7955753108136427,ATL,2026-06-08,rule_of_thumb
21,2534.2,1.864333380408833,2.454202928186995,0.8373246640794657,ATL,2026-06-08,rule_of_thumb
22,2433.9,2.0252797246472753,2.619354233073878,0.8601349333153011,ATL,2026-06-08,rule_of_thumb
23,2271.6,1.9806245083738296,2.5842448357113343,0.8956517439732696,ATL,2026-06-08,rule_of_thumb
24,2236.4666666666667,1.5467038995803226,2.211584344684005,0.7088552314218378,ATL,2026-06-08,rule_of_thumb
25,2147.0666666666666,1.611897068137411,2.1707635799553633,0.6543982077102488,ATL,2026-06-08,rule_of_thumb
26,2009.4666666666667,1.4542388964482447,2.0918560244432136,0.5748371522281054,ATL,2026-06-08,rule_of_thumb
27,1979.9,1.548959107195575,2.1891910378931168,0.569993169405436,ATL,2026-06-08,rule_of_thumb
28,1970.1,1.448868365667876,2.221227968789507,0.6057133219267574,ATL,2026-06-08,rule_of_thumb
29,2110.1,1.072430312033074,1.7177046286099686,0.5348896063706977,ATL,2026-06-08,rule_of_thumb
30,2174.1,1.1715570251866758,1.7747159064918574,0.4767068212927513,ATL,2026-06-08,rule_of_thumb
31,2112.1666666666665,1.2171385545454712,1.9212960304280198,0.47605038926667487,ATL,2026-06-08,rule_of_thumb
32,1882.2,1.2419951334789303,1.9616397749076648,0.4971603208627283,ATL,2026-06-08,rule_of_thumb
33,1739.7333333333333,1.5362801910529627,2.2619129328030616,0.5048538909299966,ATL,2026-06-08,rule_of_thumb
34,1658.4666666666667,1.7517387161003357,2.6158368403771437,0.6002781184073002,ATL,2026-06-08,rule_of_thumb
35,1508.5333333333333,1.9844215489247483,2.9483669870589044,0.8276841084937857,ATL,2026-06-08,rule_of_thumb
36,1267.4666666666667,3.191093476727317,4.572463960997628,1.4069016012483517,ATL,2026-06-08,rule_of_thumb
37,784.3,8.366135184311828,16.845251735611424,6.40889530048635,ATL,2026-06-08,rule_of_thumb
38,184.46666666666667,27.814541190538478,36.489937440416995,13.357231732630447,ATL,2026-06-08,rule_of_thumb
39,9.4,29.883228010713236,32.53980509343543,13.793786536597882,ATL,2026-06-08,rule_of_thumb
40,0.0,0.0,0.0,0.0,ATL,2026-06-08,rule_of_thumb
41,0.0,0.0,0.0,0.0,ATL,2026-06-08,rule_of_thumb
42,0.0,0.0,0.0,0.0,ATL,2026-06-08,rule_of_thumb
43,0.0,0.0,0.0,0.0,ATL,2026-06-08,rule_of_thumb
44,0.5666666666666667,0.0032829423654933032,0.01128985712226343,0.02212771335543206,ATL,2026-06-08,rule_of_thumb
45,20.266666666666666,0.3688421296487395,1.4491649945545066,0.5921853196798419,ATL,2026-06-08,rule_of_thumb
0,396.4,0.0,0.0,0.0,ATL,2026-06-08,flat_feasible
1,653.7333333333333,0.0,0.0,0.0,ATL,2026-06-08,flat_feasible
2,1013.8333333333334,0.0,0.0,0.0,ATL,2026-06-08,flat_feasible
3,1553.6666666666667,5.290147108855656e-07,0.0,0.0,ATL,2026-06-08,flat_feasible
4,2205.733333333333,0.0014916268166485205,0.006529852984631925,0.006861854500297205,ATL,2026-06-08,flat_feasible
5,2772.5,0.057895623418518914,0.28284298905011257,0.07683213251252578,ATL,2026-06-08,flat_feasible
6,3124.5666666666666,0.46449628441303564,0.9457264476513381,0.16044035694198513,ATL,2026-06-08,flat_feasible
7,3149.4,1.0565443091306275,1.679466384061455,0.28984054260102105,ATL,2026-06-08,flat_feasible
8,3239.1,1.8702415397861714,2.6951019507001517,0.521910029555077,ATL,2026-06-08,flat_feasible
9,3252.8,3.1092429060727875,3.982206612585325,0.629428588928899,ATL,2026-06-08,flat_feasible
10,3278.9333333333334,4.704398748802633,5.522465758473121,0.5957655817191001,ATL,2026-06-08,flat_feasible
11,3017.1,5.293291811248292,5.948813382820414,0.690092352295299,ATL,2026-06-08,flat_feasible
12,2695.0,2.9798939742041006,4.3945772859939565,0.7549819891922182,ATL,2026-06-08,flat_feasible
13,2485.9333333333334,0.3116975295672853,0.9971179319597194,0.4407187124080597,ATL,2026-06-08,flat_feasible
14,2268.5,0.0017068595778243572,0.00864684786303389,0.008944214881600621,ATL,2026-06-08,flat_feasible
15,2096.633333333333,0.0003346336170853195,0.00010957648873860129,0.0002147659715304165,ATL,2026-06-08,flat_feasible
16,2139.4666666666667,0.000376895212846148,0.0,0.0,ATL,2026-06-08,flat_feasible
17,2162.233333333333,0.0005488565956984704,0.0016664725271702224,0.002963965754178218,ATL,2026-06-08,flat_feasible
18,2310.9,0.002314644156356115,0.01653675019210592,0.01446446924943551,ATL,2026-06-08,flat_feasible
19,2499.633333333333,0.005435989540744211,0.04022842099074368,0.013525949817523862,ATL,2026-06-08,flat_feasible
20,2517.4333333333334,0.0077935117137687415,0.05680161099716105,0.01698997527193593,ATL,2026-06-08,flat_feasible
21,2536.9666666666667,0.007234048725716355,0.052492285374691104,0.01857491370722201,ATL,2026-06-08,flat_feasible
22,2440.0333333333333,0.003976726461461204,0.02951727064551673,0.013450686934062244,ATL,2026-06-08,flat_feasible
23,2268.2,0.0013329823885031803,0.008471792615462697,0.008231031347515263,ATL,2026-06-08,flat_feasible
24,2264.1,0.0007248968396112306,0.0024060477215236144,0.002438298332122935,ATL,2026-06-08,flat_feasible
25,2147.5,0.0009034329484474112,0.002738942510048891,0.004486721415099447,ATL,2026-06-08,flat_feasible
26,2006.8666666666666,9.302898563759662e-05,0.0,0.0,ATL,2026-06-08,flat_feasible
27,1997.1666666666667,8.187670353319784e-05,0.0,0.0,ATL,2026-06-08,flat_feasible
28,1989.9666666666667,0.00011753143661387186,0.0,0.0,ATL,2026-06-08,flat_feasible
29,2104.233333333333,0.0009593315012289799,0.007232849244792671,0.008720926359778246,ATL,2026-06-08,flat_feasible
30,2173.4333333333334,0.0008705730385749045,0.0039243636069405275,0.0044282442642054895,ATL,2026-06-08,flat_feasible
31,2106.233333333333,0.0005396861442423184,0.00015745008486533127,0.0003085964957712429,ATL,2026-06-08,flat_feasible
32,1889.5333333333333,0.00011368547866605943,0.0,0.0,ATL,2026-06-08,flat_feasible
33,1762.3666666666666,1.1934602644140834e-05,0.0,0.0,ATL,2026-06-08,flat_feasible
34,1641.3,1.7407938779007835e-07,0.0,0.0,ATL,2026-06-08,flat_feasible
35,1521.9,3.6325538901565825e-06,0.0,0.0,ATL,2026-06-08,flat_feasible
36,1273.5,0.0,0.0,0.0,ATL,2026-06-08,flat_feasible
37,782.0666666666667,0.0,0.0,0.0,ATL,2026-06-08,flat_feasible
38,180.36666666666667,0.0,0.0,0.0,ATL,2026-06-08,flat_feasible
39,9.6,0.0,0.0,0.0,ATL,2026-06-08,flat_feasible
40,0.0,0.0,0.0,0.0,ATL,2026-06-08,flat_feasible
41,0.0,0.0,0.0,0.0,ATL,2026-06-08,flat_feasible
42,0.0,0.0,0.0,0.0,ATL,2026-06-08,flat_feasible
43,0.0,0.0,0.0,0.0,ATL,2026-06-08,flat_feasible
44,0.4,0.0,0.0,0.0,ATL,2026-06-08,flat_feasible
45,20.8,0.0,0.0,0.0,ATL,2026-06-08,flat_feasible
0,403.4,0.0,0.0,0.0,ATL,2026-06-08,peak_everywhere
1,657.3666666666667,0.0,0.0,0.0,ATL,2026-06-08,peak_everywhere
2,1019.8,0.0,0.0,0.0,ATL,2026-06-08,peak_everywhere
3,1556.4,0.0,0.0,0.0,ATL,2026-06-08,peak_everywhere
4,2208.3333333333335,0.00043131004842311314,0.0006357922442559057,0.001246129900683899,ATL,2026-06-08,peak_everywhere
5,2760.4666666666667,0.014371547535745313,0.09562034272692128,0.02234455843497682,ATL,2026-06-08,peak_everywhere
6,3096.1666666666665,0.10283516061399499,0.3873843356963629,0.08828586771006139,ATL,2026-06-08,peak_everywhere
7,3144.1666666666665,0.19899976144967846,0.5418622296166196,0.13936194806931573,ATL,2026-06-08,peak_everywhere
8,3237.5666666666666,0.47329237208860364,0.9857204351150085,0.19899547862857256,ATL,2026-06-08,peak_everywhere
9,3281.6666666666665,0.7469435997169772,1.2245522577870742,0.2638954226969065,ATL,2026-06-08,peak_everywhere
10,3265.8333333333335,0.8334813896312833,1.3871178106751525,0.231629619546873,ATL,2026-06-08,peak_everywhere
11,3026.5666666666666,0.568725999104263,1.14449220577957,0.2493200077401842,ATL,2026-06-08,peak_everywhere
12,2696.6666666666665,0.037748783283458466,0.21282132425881808,0.10770163788742852,ATL,2026-06-08,peak_everywhere
13,2505.5666666666666,0.002070493154363056,0.012457169995039959,0.007113582653894506,ATL,2026-06-08,peak_everywhere
14,2261.4666666666667,0.0005980270930478133,0.0037958902876107357,0.005332472371110335,ATL,2026-06-08,peak_everywhere
15,2081.1666666666665,6.130215526811406e-05,0.0,0.0,ATL,2026-06-08,peak_everywhere
16,2151.4333333333334,0.00013778654878808806,0.0,0.0,ATL,2026-06-08,peak_everywhere
17,2174.4333333333334,0.00014546876727025197,0.0,0.0,ATL,2026-06-08,peak_everywhere
18,2306.366666666667,0.000841184256852771,0.003384949673249857,0.0035010681648221745,ATL,2026-06-08,peak_everywhere
19,2472.0666666666666,0.0016296923133130082,0.008091516668524147,0.006721008180373364,ATL,2026-06-08,peak_everywhere
20,2497.0,0.0035114306505725622,0.02347827759083466,0.014876088926335525,ATL,2026-06-08,peak_everywhere
21,2524.233333333333,0.0028193276954524868,0.019709897613790103,0.008481457368073451,ATL,2026-06-08,peak_everywhere
22,2432.8,0.0020571640764061026,0.011999595501172652,0.0073384843911543434,ATL,2026-06-08,peak_everywhere
23,2265.5666666666666,0.0005667976635512561,0.0015857817000378787,0.0016488491744954387,ATL,2026-06-08,peak_everywhere
24,2266.4666666666667,0.0004665226614940623,0.0,0.0,ATL,2026-06-08,peak_everywhere
25,2149.4666666666667,0.0001403062754660434,0.0,0.0,ATL,2026-06-08,peak_everywhere
26,2011.8333333333333,5.815767622488935e-05,0.0,0.0,ATL,2026-06-08,peak_everywhere
27,1989.6666666666667,5.03818520902216e-05,0.0,0.0,ATL,2026-06-08,peak_everywhere
28,1968.9,7.779298023293756e-05,0.0,0.0,ATL,2026-06-08,peak_everywhere
29,2111.4666666666667,0.00014902781787285704,0.00015065552379420888,0.00029527940077795994,ATL,2026-06-08,peak_everywhere
30,2185.6,0.0003856071725389584,0.0011729276982297642,0.0015995661383595681,ATL,2026-06-08,peak_everywhere
31,2115.4666666666667,6.901474438622674e-05,0.0,0.0,ATL,2026-06-08,peak_everywhere
32,1878.3333333333333,5.550331767649324e-06,0.0,0.0,ATL,2026-06-08,peak_everywhere
33,1756.3666666666666,4.211957067573916e-06,0.0,0.0,ATL,2026-06-08,peak_everywhere
34,1651.4333333333334,0.0,0.0,0.0,ATL,2026-06-08,peak_everywhere
35,1521.7333333333333,0.0,0.0,0.0,ATL,2026-06-08,peak_everywhere
36,1282.6666666666667,0.0,0.0,0.0,ATL,2026-06-08,peak_everywhere
37,781.6666666666666,0.0,0.0,0.0,ATL,2026-06-08,peak_everywhere
38,184.73333333333332,0.0,0.0,0.0,ATL,2026-06-08,peak_everywhere
39,9.733333333333333,0.0,0.0,0.0,ATL,2026-06-08,peak_everywhere
40,0.0,0.0,0.0,0.0,ATL,2026-06-08,peak_everywhere
41,0.0,0.0,0.0,0.0,ATL,2026-06-08,peak_everywhere
42,0.0,0.0,0.0,0.0,ATL,2026-06-08,peak_everywhere
43,0.0,0.0,0.0,0.0,ATL,2026-06-08,peak_everywhere
44,0.36666666666666664,0.0,0.0,0.0,ATL,2026-06-08,peak_everywhere
45,20.3,0.0,0.0,0.0,ATL,2026-06-08,peak_everywhere
0,385.1,0.034221975528718244,0.23770671367963295,0.07114016480123488,ATL,2026-06-09,optimised
1,628.9,0.6279632137577377,1.7344971934473203,0.43923424059755456,ATL,2026-06-09,optimised
2,979.4333333333333,0.012053813335827774,0.05986133820193904,0.04218106817153749,ATL,2026-06-09,optimised
3,1521.0333333333333,0.2756783724766308,0.9893349136450476,0.1935080695538173,ATL,2026-06-09,optimised
4,2203.9333333333334,0.02858439218311016,0.1896330052248314,0.07373812490600759,ATL,2026-06-09,optimised
5,2752.3,0.3724652764989295,0.9562170232722358,0.13563026788004123,ATL,2026-06-09,optimised
6,3089.5,0.4477350260212871,0.9461287984097536,0.15097058367851512,ATL,2026-06-09,optimised
7,3126.9,0.5493037884408841,0.9638552357105544,0.2224667017828839,ATL,2026-06-09,optimised
8,3214.0666666666666,0.5654363196828106,1.0406681263131576,0.28675400861112077,ATL,2026-06-09,optimised
9,3257.3,0.6498989719354922,1.1982875954376482,0.24454779252278633,ATL,2026-06-09,optimised
10,3288.9333333333334,0.8643717977201139,1.3289592203642202,0.3795569166997187,ATL,2026-06-09,optimised
11,3097.6666666666665,0.46288504571670536,0.889201652384859,0.37313246367703445,ATL,2026-06-09,optimised
12,2766.3,0.7376862811947097,1.3335810224827043,0.3367457610641966,ATL,2026-06-09,optimised
13,2502.266666666667,0.2433206320798244,0.6998575118960823,0.2686522845288953,ATL,2026-06-09,optimised
14,2268.133333333333,0.1026712136982459,0.3386247033503375,0.09479699862662824,ATL,2026-06-09,optimised
15,2107.1666666666665,0.024922718639579657,0.1489973804762119,0.04038888790517492,ATL,2026-06-09,optimised
16,2156.8,0.29332536732375053,0.7661901275452639,0.2015932914121365,ATL,2026-06-09,optimised
17,2142.733333333333,0.4328672814873229,0.9780396748903606,0.19439892287054752,ATL,2026-06-09,optimised
18,2326.5,0.20985909243215276,0.6154724135935368,0.15321307800074802,ATL,2026-06-09,optimised
19,2462.5666666666666,0.6090669415190999,1.2023157706169052,0.21698899032922914,ATL,2026-06-09,optimised
20,2441.7,0.8148152221943612,1.4711585492177905,0.2857885972485151,ATL,2026-06-09,optimised
21,2431.1666666666665,0.8178135715941214,1.3519991317424613,0.2882371768438178,ATL,2026-06-09,optimised
22,2272.5666666666666,0.8663855427363749,1.385620402735598,0.3007499297294481,ATL,2026-06-09,optimised
23,2048.233333333333,0.27817401471003905,0.7927190149534203,0.25429031329190577,ATL,2026-06-09,optimised
24,2055.0666666666666,0.37908443878728904,0.8565127231881846,0.16421816866833822,ATL,2026-06-09,optimised
25,2064.766666666667,0.9150983471535094,1.5897864094586727,0.3193456929243921,ATL,2026-06-09,optimised
26,1997.2,0.21770269250652452,0.7335972605903398,0.29737199206621867,ATL,2026-06-09,optimised
27,1950.3,0.03379974784276721,0.18180611651646197,0.0494624818292715,ATL,2026-06-09,optimised
28,1863.5333333333333,0.36454135025789935,0.8948500340649024,0.22287186945448223,ATL,2026-06-09,optimised
29,1845.3666666666666,0.39291438345168267,0.8790635117139973,0.2461551435675956,ATL,2026-06-09,optimised
30,1829.2333333333333,0.007067824719591225,0.06076174220098814,0.0743099530839061,ATL,2026-06-09,optimised
31,1687.6666666666667,2.3192097683044238e-05,0.0,0.0,ATL,2026-06-09,optimised
32,1496.0666666666666,2.2098284003264517e-06,0.0,0.0,ATL,2026-06-09,optimised
33,1436.3333333333333,0.00036026872177668406,0.0,0.0,ATL,2026-06-09,optimised
34,1388.0,0.35920524027693174,0.9304961167900834,0.13465252077231035,ATL,2026-06-09,optimised
35,1327.5333333333333,0.4437902286150377,1.0541046506169098,0.2794805729114626,ATL,2026-06-09,optimised
36,1136.6,0.8597406385670419,1.612530895632846,0.3223091701336127,ATL,2026-06-09,optimised
37,695.9,0.07683608590278054,0.38225502200157163,0.21697598742524868,ATL,2026-06-09,optimised
38,149.76666666666668,6.748339703978816,9.893397857308559,1.4061162846136972,ATL,2026-06-09,optimised
39,5.9,0.5268707797066854,1.0051501562960132,0.7058710911712303,ATL,2026-06-09,optimised
40,0.0,0.0,0.0,0.0,ATL,2026-06-09,optimised
41,0.0,0.0,0.0,0.0,ATL,2026-06-09,optimised
42,0.0,0.0,0.0,0.0,ATL,2026-06-09,optimised
43,0.0,0.0,0.0,0.0,ATL,2026-06-09,optimised
44,0.3333333333333333,0.0,0.0,0.0,ATL,2026-06-09,optimised
45,19.766666666666666,0.2982131771039704,1.095607203477822,0.5121907925757738,ATL,2026-06-09,optimised
0,383.1333333333333,1.0408623726094006,2.671316969702565,0.5016051893298052,ATL,2026-06-09,rule_of_thumb
1,610.5,0.8561820099430175,2.1544765710325304,0.3079804071055234,ATL,2026-06-09,rule_of_thumb
2,967.9666666666667,0.4571984483773333,1.3454202435921168,0.20363055041086933,ATL,2026-06-09,rule_of_thumb
3,1527.1666666666667,0.378203839241353,1.0985303844258092,0.19992745657354768,ATL,2026-06-09,rule_of_thumb
4,2189.1,0.4777948984313797,1.1809313541800317,0.24147358604827432,ATL,2026-06-09,rule_of_thumb
5,2764.4333333333334,0.6271274292469023,1.3057500665711415,0.2330604187826628,ATL,2026-06-09,rule_of_thumb
6,3099.233333333333,0.8448491224173856,1.3503521066659208,0.24827649427670184,ATL,2026-06-09,rule_of_thumb
7,3109.766666666667,0.7046040466488732,1.264551348739216,0.28248325803452917,ATL,2026-06-09,rule_of_thumb
8,3201.5,0.928992857930991,1.5348076405787876,0.34617817991013644,ATL,2026-06-09,rule_of_thumb
9,3259.766666666667,1.1809692012428512,1.8117744182666713,0.3308971243718704,ATL,2026-06-09,rule_of_thumb
10,3311.0333333333333,1.2967255931930353,1.8923459228342228,0.4173790061589648,ATL,2026-06-09,rule_of_thumb
11,3101.8333333333335,1.3077510259248457,1.8810682656838487,0.5563355777056549,ATL,2026-06-09,rule_of_thumb
12,2766.4,1.6713121084977343,2.2588884901203388,0.6237161351905623,ATL,2026-06-09,rule_of_thumb
13,2517.266666666667,1.554079548144132,2.117944808040817,0.6053587534369611,ATL,2026-06-09,rule_of_thumb
14,2265.233333333333,1.6500615075029803,2.2283183495446504,0.6080463088282915,ATL,2026-06-09,rule_of_thumb
15,2096.8333333333335,0.9937056472680236,1.6958568585400247,0.6474815847817328,ATL,2026-06-09,rule_of_thumb
16,2141.0333333333333,1.238798383002033,1.8683776211305347,0.6009469826086766,ATL,2026-06-09,rule_of_thumb
17,2155.9666666666667,1.0746749572081562,1.7860816150997052,0.49637998825102686,ATL,2026-06-09,rule_of_thumb
18,2329.733333333333,1.1169433995090017,1.903947944298049,0.4578664477807914,ATL,2026-06-09,rule_of_thumb
19,2468.5,1.5201313494028268,2.2008008585791026,0.47771616473624456,ATL,2026-06-09,rule_of_thumb
20,2463.4333333333334,1.7207420003347176,2.318840184832027,0.5689281225542094,ATL,2026-06-09,rule_of_thumb
21,2402.266666666667,1.4781757046118817,2.0856308712240823,0.6263870955355165,ATL,2026-06-09,rule_of_thumb
22,2262.9333333333334,1.3502197297141996,1.9497011363346257,0.6170287252040019,ATL,2026-06-09,rule_of_thumb
23,2065.2,1.1770310531538435,1.8318466353914504,0.5900942978630827,ATL,2026-06-09,rule_of_thumb
24,2085.3,1.2238308384639678,1.940808459492179,0.5411956517393595,ATL,2026-06-09,rule_of_thumb
25,2056.1666666666665,1.7682870951103025,2.526756520535393,0.7016320465045033,ATL,2026-06-09,rule_of_thumb
26,1991.8666666666666,1.9247932134335886,2.566396169737756,0.6405909170778435,ATL,2026-06-09,rule_of_thumb
27,1954.1666666666667,2.07548797878121,2.8857820621225234,0.6640497310539079,ATL,2026-06-09,rule_of_thumb
28,1848.4666666666667,1.7715320977625464,2.459912094287146,0.751772236019763,ATL,2026-06-09,rule_of_thumb
29,1845.0,1.067800364778731,1.7102708078385973,0.6471719269471362,ATL,2026-06-09,rule_of_thumb
30,1810.1666666666667,1.322769214739589,1.9574940243206878,0.593664744690417,ATL,2026-06-09,rule_of_thumb
31,1695.1666666666667,1.2465878336589624,1.9654043465387532,0.6212239511811599,ATL,2026-06-09,rule_of_thumb
32,1494.5333333333333,1.4739005443141262,2.2424616987001937,0.7026431307339933,ATL,2026-06-09,rule_of_thumb
33,1437.1333333333334,1.6376570252356717,2.4779883601236277,0.7089826309285057,ATL,2026-06-09,rule_of_thumb
34,1398.4666666666667,2.016310302346454,2.8425244326847743,0.7283621141818332,ATL,2026-06-09,rule_of_thumb
35,1328.7,2.273443470030206,3.1287965911805333,0.878786622568037,ATL,2026-06-09,rule_of_thumb
36,1143.9,2.624269891703864,3.756077667027285,1.131587115319116,ATL,2026-06-09,rule_of_thumb
37,691.8333333333334,6.690661118919178,16.089158048024746,7.34536915656492,ATL,2026-06-09,rule_of_thumb
38,149.96666666666667,27.409190839708582,34.02370774873298,12.694312970742084,ATL,2026-06-09,rule_of_thumb
39,5.966666666666667,25.54920550770843,28.111173955906303,12.575761418137157,ATL,2026-06-09,rule_of_thumb
40,0.0,0.0,0.0,0.0,ATL,2026-06-09,rule_of_thumb
41,0.0,0.0,0.0,0.0,ATL,2026-06-09,rule_of_thumb
42,0.0,0.0,0.0,0.0,ATL,2026-06-09,rule_of_thumb
43,0.0,0.0,0.0,0.0,ATL,2026-06-09,rule_of_thumb
44,0.4,0.0,0.0,0.0,ATL,2026-06-09,rule_of_thumb
45,21.066666666666666,0.3563454944416077,1.3657279373672264,0.756739630519895,ATL,2026-06-09,rule_of_thumb
0,383.0,0.0,0.0,0.0,ATL,2026-06-09,flat_feasible
1,620.0666666666667,0.0,0.0,0.0,ATL,2026-06-09,flat_feasible
2,965.1333333333333,0.0,0.0,0.0,ATL,2026-06-09,flat_feasible
3,1519.4333333333334,1.268450620158479e-06,0.0,0.0,ATL,2026-06-09,flat_feasible
4,2196.2,0.0008205914634235418,0.0019262004665090604,0.002127954394524853,ATL,2026-06-09,flat_feasible
5,2749.0,0.026977058419310855,0.15690849307117333,0.05138836395474137,ATL,2026-06-09,flat_feasible
6,3107.8,0.1922826076893167,0.5691091182586461,0.14074914053769955,ATL,2026-06-09,flat_feasible
7,3121.633333333333,0.32366590164440745,0.7284127302917398,0.1543084494823092,ATL,2026-06-09,flat_feasible
8,3187.6,0.4476406469111149,0.9955700314098253,0.21442691888034393,ATL,2026-06-09,flat_feasible
9,3226.1666666666665,0.9592454535488357,1.52042422161432,0.35129631885433876,ATL,2026-06-09,flat_feasible
10,3319.366666666667,1.6133189449354932,2.326232699623666,0.4251690800288702,ATL,2026-06-09,flat_feasible
11,3105.5666666666666,1.9317290555493183,2.5551607875605082,0.46663791331915117,ATL,2026-06-09,flat_feasible
12,2765.8,0.5835063038051816,1.3320324419492775,0.4136604489381721,ATL,2026-06-09,flat_feasible
13,2517.8,0.009579168632875067,0.07000714867469408,0.03867297967209466,ATL,2026-06-09,flat_feasible
14,2264.4666666666667,0.0008622005792863484,0.003176828400847276,0.003583125572446138,ATL,2026-06-09,flat_feasible
15,2096.5333333333333,0.00014612233509670884,0.0,0.0,ATL,2026-06-09,flat_feasible
16,2160.4666666666667,0.00020496444878183572,0.0,0.0,ATL,2026-06-09,flat_feasible
17,2166.0666666666666,0.0004229545912404428,0.0,0.0,ATL,2026-06-09,flat_feasible
18,2330.1,0.0017038385284966027,0.007072496635928843,0.007689489058639599,ATL,2026-06-09,flat_feasible
19,2466.0666666666666,0.0024964962625402968,0.015316535195999344,0.00852245470886352,ATL,2026-06-09,flat_feasible
20,2446.5,0.003877146842636673,0.025782193654683833,0.01655843057750867,ATL,2026-06-09,flat_feasible
21,2405.4666666666667,0.0018821489714103466,0.011584605229433564,0.0071287364953620735,ATL,2026-06-09,flat_feasible
22,2274.9,0.0006440184407140204,0.0009063827482784345,0.000814659638339735,ATL,2026-06-09,flat_feasible
23,2055.4,0.00027767906262032654,0.0008857783904930237,0.001605955606263443,ATL,2026-06-09,flat_feasible
24,2063.9,0.0001093532095453764,0.0,0.0,ATL,2026-06-09,flat_feasible
25,2061.0333333333333,0.0001678339495557366,0.0001502627441557982,0.00029450956683263376,ATL,2026-06-09,flat_feasible
26,1988.5333333333333,1.2682539933398632e-05,0.0,0.0,ATL,2026-06-09,flat_feasible
27,1940.9666666666667,0.00010718971946359766,0.0,0.0,ATL,2026-06-09,flat_feasible
28,1848.9,6.391809120167918e-06,0.0,0.0,ATL,2026-06-09,flat_feasible
29,1830.4,2.5385578770335384e-05,0.0,0.0,ATL,2026-06-09,flat_feasible
30,1812.8,6.768698349326317e-06,0.0,0.0,ATL,2026-06-09,flat_feasible
31,1673.5333333333333,1.589514918644377e-06,0.0,0.0,ATL,2026-06-09,flat_feasible
32,1485.1666666666667,0.0,0.0,0.0,ATL,2026-06-09,flat_feasible
33,1443.2666666666667,0.0,0.0,0.0,ATL,2026-06-09,flat_feasible
34,1411.6333333333334,0.0,0.0,0.0,ATL,2026-06-09,flat_feasible
35,1340.0,0.0,0.0,0.0,ATL,2026-06-09,flat_feasible
36,1142.5666666666666,0.0,0.0,0.0,ATL,2026-06-09,flat_feasible
37,683.5666666666667,0.0,0.0,0.0,ATL,2026-06-09,flat_feasible
38,152.2,0.0,0.0,0.0,ATL,2026-06-09,flat_feasible
39,6.1,0.0,0.0,0.0,ATL,2026-06-09,flat_feasible
40,0.0,0.0,0.0,0.0,ATL,2026-06-09,flat_feasible
41,0.0,0.0,0.0,0.0,ATL,2026-06-09,flat_feasible
42,0.0,0.0,0.0,0.0,ATL,2026-06-09,flat_feasible
43,0.0,0.0,0.0,0.0,ATL,2026-06-09,flat_feasible
44,0.3,0.0,0.0,0.0,ATL,2026-06-09,flat_feasible
45,18.566666666666666,0.0,0.0,0.0,ATL,2026-06-09,flat_feasible
0,388.56666666666666,0.0,0.0,0.0,ATL,2026-06-09,peak_everywhere
1,626.2,0.0,0.0,0.0,ATL,2026-06-09,peak_everywhere
2,969.7333333333333,0.0,0.0,0.0,ATL,2026-06-09,peak_everywhere
3,1536.2666666666667,0.0,0.0,0.0,ATL,2026-06-09,peak_everywhere
4,2185.366666666667,0.0003448482546868264,0.0013424618477283915,0.002631176872784201,ATL,2026-06-09,peak_everywhere
5,2776.766666666667,0.012131815645665312,0.08640939431775833,0.037864100617175205,ATL,2026-06-09,peak_everywhere
6,3088.9333333333334,0.0674627479751107,0.26624765462555644,0.06459453312249455,ATL,2026-06-09,peak_everywhere
7,3127.866666666667,0.1346861718713453,0.4470523888590293,0.09316655300780383,ATL,2026-06-09,peak_everywhere
8,3192.766666666667,0.19572382947453956,0.560997378639776,0.12788849548616749,ATL,2026-06-09,peak_everywhere
9,3252.0,0.23283714830350552,0.6539626055198707,0.14439306700078466,ATL,2026-06-09,peak_everywhere
10,3308.266666666667,0.566030752260756,1.0025466316826204,0.2464278131383673,ATL,2026-06-09,peak_everywhere
11,3108.233333333333,0.24379022999723657,0.7163515888705762,0.18565515119037326,ATL,2026-06-09,peak_everywhere
12,2762.4,0.02201071311523443,0.12621766754836392,0.07874221256472126,ATL,2026-06-09,peak_everywhere
13,2521.4333333333334,0.0015791322102562781,0.007821125821367115,0.00391188178119178,ATL,2026-06-09,peak_everywhere
14,2265.7,0.0004733187726281771,0.0012122895135629125,0.0019067541796765602,ATL,2026-06-09,peak_everywhere
15,2112.3333333333335,3.063509831841405e-05,0.0,0.0,ATL,2026-06-09,peak_everywhere
16,2140.9333333333334,0.0001252208283105533,0.0,0.0,ATL,2026-06-09,peak_everywhere
17,2164.4,0.00011791052576624376,0.0,0.0,ATL,2026-06-09,peak_everywhere
18,2335.3,0.0005309062237389442,0.002587911473362019,0.00439021147442197,ATL,2026-06-09,peak_everywhere
19,2464.6666666666665,0.0008026170085730507,0.00234843097316039,0.0019695021873004383,ATL,2026-06-09,peak_everywhere
20,2449.2,0.0007390037291444056,0.0011143735012384042,0.0012891983419304573,ATL,2026-06-09,peak_everywhere
21,2428.5,0.0007181145347802778,0.0022662808452273884,0.002223830071599752,ATL,2026-06-09,peak_everywhere
22,2270.4333333333334,0.0004640290482390119,0.001998740067174366,0.003917458547038238,ATL,2026-06-09,peak_everywhere
23,2046.8333333333333,2.09379929927536e-05,0.0,0.0,ATL,2026-06-09,peak_everywhere
24,2066.0666666666666,3.4800357739176145e-05,0.0,0.0,ATL,2026-06-09,peak_everywhere
25,2071.5333333333333,6.316175399361876e-05,0.0,0.0,ATL,2026-06-09,peak_everywhere
26,1997.0666666666666,1.691361181526957e-05,0.0,0.0,ATL,2026-06-09,peak_everywhere
27,1930.7333333333333,1.4482283592655005e-05,0.0,0.0,ATL,2026-06-09,peak_everywhere
28,1841.0666666666666,1.4118274687778861e-06,0.0,0.0,ATL,2026-06-09,peak_everywhere
29,1835.6666666666667,1.0123232640478548e-06,0.0,0.0,ATL,2026-06-09,peak_everywhere
30,1815.2,0.0,0.0,0.0,ATL,2026-06-09,peak_everywhere
31,1681.3333333333333,0.0,0.0,0.0,ATL,2026-06-09,peak_everywhere
32,1512.3,0.0,0.0,0.0,ATL,2026-06-09,peak_everywhere
33,1440.8333333333333,0.0,0.0,0.0,ATL,2026-06-09,peak_everywhere
34,1391.7333333333333,0.0,0.0,0.0,ATL,2026-06-09,peak_everywhere
35,1330.2,0.0,0.0,0.0,ATL,2026-06-09,peak_everywhere
36,1139.5,0.0,0.0,0.0,ATL,2026-06-09,peak_everywhere
37,692.3666666666667,0.0,0.0,0.0,ATL,2026-06-09,peak_everywhere
38,153.3,0.0,0.0,0.0,ATL,2026-06-09,peak_everywhere
39,5.366666666666666,0.0,0.0,0.0,ATL,2026-06-09,peak_everywhere
40,0.0,0.0,0.0,0.0,ATL,2026-06-09,peak_everywhere
41,0.0,0.0,0.0,0.0,ATL,2026-06-09,peak_everywhere
42,0.0,0.0,0.0,0.0,ATL,2026-06-09,peak_everywhere
43,0.0,0.0,0.0,0.0,ATL,2026-06-09,peak_everywhere
44,0.3,0.0,0.0,0.0,ATL,2026-06-09,peak_everywhere
45,19.1,0.0,0.0,0.0,ATL,2026-06-09,peak_everywhere
0,403.3,0.010234154711737237,0.07629721022685697,0.040940952915312676,ATL,2026-06-10,optimised
1,642.8666666666667,0.35545580421356526,1.1864731607103611,0.2677701548753917,ATL,2026-06-10,optimised
2,1010.0666666666667,0.008061610988847496,0.04055420295231933,0.020156156448807423,ATL,2026-06-10,optimised
3,1552.3,0.3433204684908429,1.1605311799724505,0.244983875218402,ATL,2026-06-10,optimised
4,2191.3333333333335,0.034745764101037205,0.23027614799571647,0.09468305420392882,ATL,2026-06-10,optimised
5,2786.3,0.3864836784702865,0.9921501086193908,0.1892863945148815,ATL,2026-06-10,optimised
6,3069.9333333333334,0.7145524360337916,1.1388806218014407,0.25263441274246257,ATL,2026-06-10,optimised
7,3092.4333333333334,0.7971567737755119,1.3109130384813692,0.2896209460378301,ATL,2026-06-10,optimised
8,3157.633333333333,0.624374909078461,1.0480202052810375,0.3391476089736844,ATL,2026-06-10,optimised
9,3218.4333333333334,0.5005009099366263,1.049455748079755,0.25124569307884137,ATL,2026-06-10,optimised
10,3279.766666666667,0.7572650826073677,1.248671726689409,0.2745584350486584,ATL,2026-06-10,optimised
11,3081.2,0.2948880797755113,0.7692238107189056,0.25455779044406984,ATL,2026-06-10,optimised
12,2748.366666666667,0.5454924277525779,1.0393384053849086,0.18942978672432445,ATL,2026-06-10,optimised
13,2524.3333333333335,0.15533198538115103,0.5344528045739335,0.12569857855757516,ATL,2026-06-10,optimised
14,2263.766666666667,0.047735745736250196,0.24157141858621625,0.04685080232762546,ATL,2026-06-10,optimised
15,2065.1666666666665,0.011908126798815175,0.08424311955154315,0.03306835052973497,ATL,2026-06-10,optimised
16,2047.9,0.22291684859146335,0.6027522260249448,0.14253191720736702,ATL,2026-06-10,optimised
17,2096.1666666666665,0.4065454462259519,0.9846277245040322,0.18233819048594246,ATL,2026-06-10,optimised
18,2258.9666666666667,0.1970006285132936,0.5823642783825967,0.15187974662597273,ATL,2026-06-10,optimised
19,2420.3333333333335,0.4146864267811025,0.9137395115535428,0.19283787968605495,ATL,2026-06-10,optimised
20,2371.4666666666667,0.7854126267256165,1.380533852223612,0.30650037791262147,ATL,2026-06-10,optimised
21,2366.1666666666665,0.9443690951425332,1.5072412197245346,0.3754151108102693,ATL,2026-06-10,optimised
22,2257.6,0.9303513332839316,1.592275480134147,0.30862970741501333,ATL,2026-06-10,optimised
23,2094.866666666667,0.343845051041262,0.9057203765235476,0.31035122044817487,ATL,2026-06-10,optimised
24,2127.4333333333334,0.583033023780511,1.1909868750127397,0.3178986834003318,ATL,2026-06-10,optimised
25,2056.1,0.4920002582663297,0.986080689407949,0.307713096306193,ATL,2026-06-10,optimised
26,1946.4333333333334,0.16728731320153697,0.5126391329232043,0.19118245571709552,ATL,2026-06-10,optimised
27,1869.6333333333334,0.05585701706452447,0.2700664875305395,0.06620532636913949,ATL,2026-06-10,optimised
28,1761.0666666666666,0.35212333502922416,0.8826033685512835,0.1980292754033855,ATL,2026-06-10,optimised
29,1763.7666666666667,0.43540755985105795,1.0231657265313716,0.2475358295942731,ATL,2026-06-10,optimised
30,1738.2333333333333,0.0070095727905466875,0.04051959779022673,0.05764345228435529,ATL,2026-06-10,optimised
31,1654.6666666666667,1.702202356813926e-05,0.0,0.0,ATL,2026-06-10,optimised
32,1508.9333333333334,2.6753535840486714e-05,0.0,0.0,ATL,2026-06-10,optimised
33,1479.4666666666667,0.00031060934189497516,0.0,0.0,ATL,2026-06-10,optimised
34,1446.0666666666666,0.7601375946616638,1.461966072034229,0.4303395739946713,ATL,2026-06-10,optimised
35,1354.8333333333333,0.8327550709487243,1.5812402188338974,0.4068621385561158,ATL,2026-06-10,optimised
36,1166.8333333333333,1.1182511945406088,1.9503177338113658,0.5442324048639671,ATL,2026-06-10,optimised
37,710.7666666666667,0.19980413595980234,0.7379013467053194,0.36237119706477433,ATL,2026-06-10,optimised
38,159.6,2.238956264325648,4.071629452910859,0.8520554879136593,ATL,2026-06-10,optimised
39,6.7,0.0,0.0,0.0,ATL,2026-06-10,optimised
40,0.0,0.0,0.0,0.0,ATL,2026-06-10,optimised
41,0.0,0.0,0.0,0.0,ATL,2026-06-10,optimised
42,0.0,0.0,0.0,0.0,ATL,2026-06-10,optimised
43,0.0,0.0,0.0,0.0,ATL,2026-06-10,optimised
44,0.5333333333333333,4.316314949998438e-05,0.0001165405036499578,0.00022841518994767834,ATL,2026-06-10,optimised
45,19.4,0.17734408783768454,0.8264327284299665,0.30077023346564785,ATL,2026-06-10,optimised
0,402.3666666666667,0.3334222386538709,1.0828953122737928,0.29809559756332443,ATL,2026-06-10,rule_of_thumb
1,637.5,0.22351229708152634,0.8330225946710624,0.225947221885429,ATL,2026-06-10,rule_of_thumb
2,1002.8333333333334,0.5164561171740041,1.51183693523712,0.2818180439892627,ATL,2026-06-10,rule_of_thumb
3,1550.1666666666667,0.4085568123298896,1.1755825754289557,0.17579419561145088,ATL,2026-06-10,rule_of_thumb
4,2201.1666666666665,0.5265812945948293,1.2458256197225623,0.17307365830481375,ATL,2026-06-10,rule_of_thumb
5,2770.2,0.6679330591663452,1.358665979286213,0.2636496665536463,ATL,2026-06-10,rule_of_thumb
6,3119.133333333333,1.1543633943372966,1.7665767932691783,0.36374613822833957,ATL,2026-06-10,rule_of_thumb
7,3097.733333333333,1.4274781742741025,1.8751303624544964,0.3896392102892386,ATL,2026-06-10,rule_of_thumb
8,3173.8,1.2155920996939764,1.8435471065873061,0.40722105609580406,ATL,2026-06-10,rule_of_thumb
9,3214.366666666667,1.130968185271209,1.6517709346173253,0.451494462626372,ATL,2026-06-10,rule_of_thumb
10,3283.633333333333,1.4849537180936125,2.0021064919635565,0.4560404161191976,ATL,2026-06-10,rule_of_thumb
11,3080.6,1.7096454768665528,2.318751331462543,0.4700259441476899,ATL,2026-06-10,rule_of_thumb
12,2755.266666666667,1.805849353271701,2.407511221995566,0.5787127668802121,ATL,2026-06-10,rule_of_thumb
13,2548.3333333333335,1.8298068886698278,2.512660725121272,0.6688859692163721,ATL,2026-06-10,rule_of_thumb
14,2276.0333333333333,2.3467874964022966,3.087057953638936,0.8348459344737584,ATL,2026-06-10,rule_of_thumb
15,2055.9333333333334,2.0373885696227414,2.6362385119692266,0.8819137911650156,ATL,2026-06-10,rule_of_thumb
16,2063.0,2.0023193957749696,2.6274400799483244,0.975203894158353,ATL,2026-06-10,rule_of_thumb
17,2091.7,1.641809091094621,2.2682984479732236,0.8344065075879727,ATL,2026-06-10,rule_of_thumb
18,2264.233333333333,1.2414746827579788,1.827978261426053,0.6954126435352735,ATL,2026-06-10,rule_of_thumb
19,2412.766666666667,1.135401457281499,1.732190416227885,0.6965082042239942,ATL,2026-06-10,rule_of_thumb
20,2393.266666666667,1.305937663275649,1.9401369091100267,0.7128314297548549,ATL,2026-06-10,rule_of_thumb
21,2374.5,1.4904554008897226,2.094579477162976,0.7135948010752805,ATL,2026-06-10,rule_of_thumb
22,2252.266666666667,1.400048532160197,1.9172601084933656,0.6872170315985103,ATL,2026-06-10,rule_of_thumb
23,2111.233333333333,1.3042206092480542,1.938931142973779,0.6798643911620089,ATL,2026-06-10,rule_of_thumb
24,2127.8,1.106561986178554,1.6717348328080786,0.5504241154532443,ATL,2026-06-10,rule_of_thumb
25,2046.6333333333334,1.5744451632752503,2.2167026007493984,0.5957136295914301,ATL,2026-06-10,rule_of_thumb
26,1938.3,1.1533197983562333,1.832893415357074,0.5533259724824905,ATL,2026-06-10,rule_of_thumb
27,1877.4,1.129302078262311,1.8210328753110572,0.46429340167230054,ATL,2026-06-10,rule_of_thumb
28,1761.8,1.0560560253651339,1.8875474381349384,0.47836320038188646,ATL,2026-06-10,rule_of_thumb
29,1783.1,0.8470049939321647,1.4401109469332296,0.49813120253410126,ATL,2026-06-10,rule_of_thumb
30,1745.4333333333334,1.3168809099591285,2.018167393389313,0.4867678662199382,ATL,2026-06-10,rule_of_thumb
31,1663.5666666666666,1.7267483363808063,2.466446253890908,0.6346473851028759,ATL,2026-06-10,rule_of_thumb
32,1519.8333333333333,2.3850948070355886,3.226917962843912,0.7164058754153647,ATL,2026-06-10,rule_of_thumb
33,1497.5,2.400028148956611,3.3044662031460392,0.7700240856887852,ATL,2026-06-10,rule_of_thumb
34,1434.1,2.6311089862120194,3.4492054511614514,0.8668287689340523,ATL,2026-06-10,rule_of_thumb
35,1342.8,3.1797560852169,4.028028385151301,1.0821314587286164,ATL,2026-06-10,rule_of_thumb
36,1168.5333333333333,4.049870717673752,5.843251696241259,1.5512149715894623,ATL,2026-06-10,rule_of_thumb
37,705.9,13.830953138720968,35.55326333997639,14.835959241804874,ATL,2026-06-10,rule_of_thumb
38,160.13333333333333,54.97729449578272,66.00764545364491,20.01925018866946,ATL,2026-06-10,rule_of_thumb
39,6.133333333333334,56.88203931725669,60.22953893747062,20.234062724111666,ATL,2026-06-10,rule_of_thumb
40,0.0,0.0,0.0,0.0,ATL,2026-06-10,rule_of_thumb
41,0.0,0.0,0.0,0.0,ATL,2026-06-10,rule_of_thumb
42,0.0,0.0,0.0,0.0,ATL,2026-06-10,rule_of_thumb
43,0.0,0.0,0.0,0.0,ATL,2026-06-10,rule_of_thumb
44,0.3333333333333333,0.0,0.0,0.0,ATL,2026-06-10,rule_of_thumb
45,18.733333333333334,0.7627698090863095,2.199479701592132,1.7715426362471265,ATL,2026-06-10,rule_of_thumb
0,395.96666666666664,0.0,0.0,0.0,ATL,2026-06-10,flat_feasible
1,644.7,0.0,0.0,0.0,ATL,2026-06-10,flat_feasible
2,1005.1,0.0,0.0,0.0,ATL,2026-06-10,flat_feasible
3,1543.9,2.6038631882255827e-06,0.0,0.0,ATL,2026-06-10,flat_feasible
4,2192.8,0.0006854816977622736,0.001259150396207831,0.002466116250192762,ATL,2026-06-10,flat_feasible
5,2772.133333333333,0.05099975655925701,0.2507180033307203,0.089901385542946,ATL,2026-06-10,flat_feasible
6,3092.366666666667,0.2659145245488157,0.6745053628184684,0.13798833223701612,ATL,2026-06-10,flat_feasible
7,3103.9333333333334,0.3756802859949844,0.8016988852601786,0.19048862003137107,ATL,2026-06-10,flat_feasible
8,3160.3333333333335,0.48194280573806497,0.9129049681463227,0.20567303900486403,ATL,2026-06-10,flat_feasible
9,3220.633333333333,0.6925968512756475,1.2817957277682206,0.2856669667822134,ATL,2026-06-10,flat_feasible
10,3273.7,1.5280655508805951,2.167479876565645,0.3689982763867432,ATL,2026-06-10,flat_feasible
11,3081.7,1.6633641337463057,2.252011526495152,0.4658781515952053,ATL,2026-06-10,flat_feasible
12,2746.8,0.5099873969520702,1.1655385475471427,0.46950097697603443,ATL,2026-06-10,flat_feasible
13,2540.6,0.03246177978396034,0.13157346300645947,0.1718731166725692,ATL,2026-06-10,flat_feasible
14,2270.633333333333,0.0010776211381591197,0.004899925446559713,0.0034587335519272854,ATL,2026-06-10,flat_feasible
15,2066.766666666667,0.00013264003355842804,0.0,0.0,ATL,2026-06-10,flat_feasible
16,2060.133333333333,0.00014095169421725115,0.0,0.0,ATL,2026-06-10,flat_feasible
17,2088.8,0.00013564669423809988,0.0,0.0,ATL,2026-06-10,flat_feasible
18,2264.366666666667,0.0009171458980387918,0.0026983332826519793,0.0032569047064855564,ATL,2026-06-10,flat_feasible
19,2417.9333333333334,0.0022380221857506736,0.013437999551672599,0.010423162510754333,ATL,2026-06-10,flat_feasible
20,2401.3333333333335,0.0015684160430346815,0.008499803466255939,0.00613982505063905,ATL,2026-06-10,flat_feasible
21,2387.9666666666667,0.0020302838475515462,0.012006399585151447,0.008796566464657275,ATL,2026-06-10,flat_feasible
22,2259.3,0.000601854436300982,0.0009156320224544386,0.001390961787901872,ATL,2026-06-10,flat_feasible
23,2094.5666666666666,0.0002594675858842459,0.0,0.0,ATL,2026-06-10,flat_feasible
24,2120.0333333333333,0.00014565357064990906,0.0,0.0,ATL,2026-06-10,flat_feasible
25,2046.9333333333334,0.0002270954310485237,0.0,0.0,ATL,2026-06-10,flat_feasible
26,1953.9,3.100796417801532e-05,0.0,0.0,ATL,2026-06-10,flat_feasible
27,1874.3333333333333,2.4188194490804686e-05,0.0,0.0,ATL,2026-06-10,flat_feasible
28,1751.9333333333334,7.382721856870005e-07,0.0,0.0,ATL,2026-06-10,flat_feasible
29,1764.2,7.287699411750002e-06,0.0,0.0,ATL,2026-06-10,flat_feasible
30,1756.2666666666667,1.2246157331237804e-06,0.0,0.0,ATL,2026-06-10,flat_feasible
31,1662.8,7.844701532581653e-06,0.0,0.0,ATL,2026-06-10,flat_feasible
32,1521.1666666666667,0.0,0.0,0.0,ATL,2026-06-10,flat_feasible
33,1492.7333333333333,0.0,0.0,0.0,ATL,2026-06-10,flat_feasible
34,1443.7666666666667,0.0,0.0,0.0,ATL,2026-06-10,flat_feasible
35,1346.1,0.0,0.0,0.0,ATL,2026-06-10,flat_feasible
36,1157.1666666666667,0.0,0.0,0.0,ATL,2026-06-10,flat_feasible
37,711.2,0.0,0.0,0.0,ATL,2026-06-10,flat_feasible
38,155.36666666666667,0.0,0.0,0.0,ATL,2026-06-10,flat_feasible
39,5.666666666666667,0.0,0.0,0.0,ATL,2026-06-10,flat_feasible
40,0.0,0.0,0.0,0.0,ATL,2026-06-10,flat_feasible
41,0.0,0.0,0.0,0.0,ATL,2026-06-10,flat_feasible
42,0.0,0.0,0.0,0.0,ATL,2026-06-10,flat_feasible
43,0.0,0.0,0.0,0.0,ATL,2026-06-10,flat_feasible
44,0.43333333333333335,0.0,0.0,0.0,ATL,2026-06-10,flat_feasible
45,21.0,0.0,0.0,0.0,ATL,2026-06-10,flat_feasible
0,398.23333333333335,0.0,0.0,0.0,ATL,2026-06-10,peak_everywhere
1,648.1666666666666,0.0,0.0,0.0,ATL,2026-06-10,peak_everywhere
2,988.3,0.0,0.0,0.0,ATL,2026-06-10,peak_everywhere
3,1557.5333333333333,7.537058277088995e-08,0.0,0.0,ATL,2026-06-10,peak_everywhere
4,2201.366666666667,0.0006300083118424827,0.0028978479205049156,0.005465686063266803,ATL,2026-06-10,peak_everywhere
5,2777.233333333333,0.011033318882239133,0.07529128301015285,0.045367964561652034,ATL,2026-06-10,peak_everywhere
6,3116.6666666666665,0.0976301363306617,0.37264158751820836,0.0848691405333701,ATL,2026-06-10,peak_everywhere
7,3091.1666666666665,0.15019366690281422,0.4111415645212395,0.1627105093149776,ATL,2026-06-10,peak_everywhere
8,3181.4,0.19659765456214978,0.5254965078474686,0.1448022892793233,ATL,2026-06-10,peak_everywhere
9,3208.233333333333,0.20364364677767047,0.564568297924951,0.11881141822788721,ATL,2026-06-10,peak_everywhere
10,3273.0666666666666,0.3845106065888847,0.7878511963196522,0.15399795649503295,ATL,2026-06-10,peak_everywhere
11,3080.6666666666665,0.1317954221147009,0.4684593345086412,0.1227284018104634,ATL,2026-06-10,peak_everywhere
12,2755.4,0.012146429687761211,0.08582886511899133,0.02663640883356809,ATL,2026-06-10,peak_everywhere
13,2531.8333333333335,0.0016517603976659652,0.008816764840214146,0.00529298211272951,ATL,2026-06-10,peak_everywhere
14,2293.1,0.0004153531563317591,0.0003428318263310828,0.0006719380325206969,ATL,2026-06-10,peak_everywhere
15,2037.2666666666667,3.1189845893229115e-05,0.0,0.0,ATL,2026-06-10,peak_everywhere
16,2053.3,1.7794939902120224e-05,0.0,0.0,ATL,2026-06-10,peak_everywhere
17,2082.733333333333,4.991250912580877e-05,0.0,0.0,ATL,2026-06-10,peak_everywhere
18,2274.0333333333333,0.0004926005667054302,0.0006089937468355291,0.0011003468625543449,ATL,2026-06-10,peak_everywhere
19,2418.733333333333,0.0008382478430415144,0.0031413032763924756,0.003389213950344147,ATL,2026-06-10,peak_everywhere
20,2383.0333333333333,0.0006057080962831448,0.00100409234629751,0.001194525627603612,ATL,2026-06-10,peak_everywhere
21,2358.8,0.00046400567153756126,0.002067413969177967,0.0032939085262047546,ATL,2026-06-10,peak_everywhere
22,2241.2,0.00017406848536710443,0.0,0.0,ATL,2026-06-10,peak_everywhere
23,2096.5333333333333,0.00013510784185588674,0.0,0.0,ATL,2026-06-10,peak_everywhere
24,2118.2,6.713445675639675e-05,0.0,0.0,ATL,2026-06-10,peak_everywhere
25,2053.133333333333,3.434897969147913e-05,0.0,0.0,ATL,2026-06-10,peak_everywhere
26,1966.7,8.727706405353993e-06,0.0,0.0,ATL,2026-06-10,peak_everywhere
27,1873.9,2.0441765480400777e-06,0.0,0.0,ATL,2026-06-10,peak_everywhere
28,1763.3,0.0,0.0,0.0,ATL,2026-06-10,peak_everywhere
29,1778.1,1.7440843905672631e-06,0.0,0.0,ATL,2026-06-10,peak_everywhere
30,1749.4666666666667,3.122158266377957e-06,0.0,0.0,ATL,2026-06-10,peak_everywhere
31,1665.7666666666667,2.344522449713856e-06,0.0,0.0,ATL,2026-06-10,peak_everywhere
32,1509.9666666666667,0.0,0.0,0.0,ATL,2026-06-10,peak_everywhere
33,1501.5333333333333,0.0,0.0,0.0,ATL,2026-06-10,peak_everywhere
34,1421.7,0.0,0.0,0.0,ATL,2026-06-10,peak_everywhere
35,1358.0,0.0,0.0,0.0,ATL,2026-06-10,peak_everywhere
36,1169.2,0.0,0.0,0.0,ATL,2026-06-10,peak_everywhere
37,701.0666666666667,0.0,0.0,0.0,ATL,2026-06-10,peak_everywhere
38,158.26666666666668,0.0,0.0,0.0,ATL,2026-06-10,peak_everywhere
39,6.233333333333333,0.0,0.0,0.0,ATL,2026-06-10,peak_everywhere
40,0.0,0.0,0.0,0.0,ATL,2026-06-10,peak_everywhere
41,0.0,0.0,0.0,0.0,ATL,2026-06-10,peak_everywhere
42,0.0,0.0,0.0,0.0,ATL,2026-06-10,peak_everywhere
43,0.0,0.0,0.0,0.0,ATL,2026-06-10,peak_everywhere
44,0.26666666666666666,0.0,0.0,0.0,ATL,2026-06-10,peak_everywhere
45,19.533333333333335,0.0,0.0,0.0,ATL,2026-06-10,peak_everywhere
0,427.8,0.012679957701576292,0.08750705889124254,0.0349015743947414,ATL,2026-06-11,optimised
1,681.4333333333333,0.6402041436513162,1.6880816444110804,0.3043797075304851,ATL,2026-06-11,optimised
2,1043.9666666666667,0.018009036238637276,0.15239070774284078,0.09835338673219103,ATL,2026-06-11,optimised
3,1576.1666666666667,0.4899821026488033,1.4935230549153953,0.21291660393537618,ATL,2026-06-11,optimised
4,2188.5333333333333,0.04644063957798921,0.3199861913815386,0.12489450993895775,ATL,2026-06-11,optimised
5,2792.9333333333334,0.39295759407739494,1.112980495001264,0.23746638066189296,ATL,2026-06-11,optimised
6,3119.266666666667,0.7119039036179394,1.2527961019034426,0.21542116091179792,ATL,2026-06-11,optimised
7,3171.6666666666665,0.7746011579169098,1.3036022445656872,0.27284271345292205,ATL,2026-06-11,optimised
8,3237.8,0.5502180699752066,1.002064702339417,0.20015874568580186,ATL,2026-06-11,optimised
9,3285.4666666666667,0.6531040566837784,1.2564158006828878,0.2932829927344357,ATL,2026-06-11,optimised
10,3288.5333333333333,0.8209830327485492,1.314242440879435,0.3142429300147775,ATL,2026-06-11,optimised
11,3085.9,0.39774570384769015,0.8428954304909763,0.26245031524353335,ATL,2026-06-11,optimised
12,2758.866666666667,0.5717018317672504,1.0695564446038504,0.24944738100630803,ATL,2026-06-11,optimised
13,2506.5666666666666,0.1971555069732019,0.6248415777299194,0.17224036319310138,ATL,2026-06-11,optimised
14,2245.5,0.053915404319996064,0.25681637739899554,0.06173596522305343,ATL,2026-06-11,optimised
15,2076.0,0.01315906023965896,0.08352712544585508,0.021977381438263537,ATL,2026-06-11,optimised
16,2115.0,0.33656123532180326,0.8266314914872476,0.18949985707703607,ATL,2026-06-11,optimised
17,2125.8,0.7220270314636521,1.3131567632142152,0.2577759415908329,ATL,2026-06-11,optimised
18,2291.4,0.3121946575606019,0.8220626509823141,0.24346652649707495,ATL,2026-06-11,optimised
19,2443.0333333333333,0.44425899885521253,0.9877432953687896,0.22043059101014253,ATL,2026-06-11,optimised
20,2485.366666666667,0.6568746777640544,1.205932858890016,0.23575825823331076,ATL,2026-06-11,optimised
21,2510.1666666666665,0.8141088305469611,1.325633315507622,0.3236257461081513,ATL,2026-06-11,optimised
22,2362.1,1.0709726481760853,1.760675593306704,0.382214181832506,ATL,2026-06-11,optimised
23,2189.266666666667,0.6925963040612596,1.2412227142164707,0.4272872737586611,ATL,2026-06-11,optimised
24,2194.1,0.6711543788709784,1.3043458076318228,0.3912422667399939,ATL,2026-06-11,optimised
25,2125.0333333333333,0.550554903640512,1.11081177165066,0.3078239424317464,ATL,2026-06-11,optimised
26,2005.7666666666667,0.10625249371040588,0.46890854352186023,0.11759386270532513,ATL,2026-06-11,optimised
27,1930.0333333333333,0.02925232034243273,0.16166840466382776,0.04505111547561849,ATL,2026-06-11,optimised
28,1868.1666666666667,0.16649556537588156,0.47356010587892616,0.097168701610528,ATL,2026-06-11,optimised
29,1989.5,0.48217892289605574,1.153071297136553,0.21895233943070014,ATL,2026-06-11,optimised
30,2087.1666666666665,0.014863755660865162,0.11699747487401409,0.07801591451924433,ATL,2026-06-11,optimised
31,2029.5666666666666,0.00013440061318544896,0.0,0.0,ATL,2026-06-11,optimised
32,1866.6333333333334,8.653987242309711e-05,0.0,0.0,ATL,2026-06-11,optimised
33,1773.3,0.00027377080703407537,0.0,0.0,ATL,2026-06-11,optimised
34,1646.3666666666666,0.42862854605572503,0.9819657382767709,0.21857925024219393,ATL,2026-06-11,optimised
35,1507.7333333333333,0.42265702245398845,1.0051836395161573,0.23505388561876006,ATL,2026-06-11,optimised
36,1268.2,0.8668227281854249,1.621844526420374,0.327000920558105,ATL,2026-06-11,optimised
37,777.7,0.076343008478191,0.39120167830811275,0.17932618030607655,ATL,2026-06-11,optimised
38,191.36666666666667,3.8632986450572284,6.1542426825167915,1.014934853466328,ATL,2026-06-11,optimised
39,8.966666666666667,0.053341626626421855,0.21517227958340487,0.40195803282181497,ATL,2026-06-11,optimised
40,0.0,0.0,0.0,0.0,ATL,2026-06-11,optimised
41,0.0,0.0,0.0,0.0,ATL,2026-06-11,optimised
42,0.0,0.0,0.0,0.0,ATL,2026-06-11,optimised
43,0.0,0.0,0.0,0.0,ATL,2026-06-11,optimised
44,0.36666666666666664,0.0,0.0,0.0,ATL,2026-06-11,optimised
45,17.7,0.3556330177475432,1.588397897480794,0.5886029253604513,ATL,2026-06-11,optimised
0,423.06666666666666,0.5445233140684339,1.6431549649875923,0.3435174613730692,ATL,2026-06-11,rule_of_thumb
1,673.5333333333333,0.7880067675534373,1.730052574868019,0.4290953171452886,ATL,2026-06-11,rule_of_thumb
2,1040.8,0.5020606089749088,1.392325321292247,0.2854568896085329,ATL,2026-06-11,rule_of_thumb
3,1585.1333333333334,0.5297530826262645,1.4687237429671975,0.15931920498821603,ATL,2026-06-11,rule_of_thumb
4,2203.1,0.7307721729450769,1.533461497383489,0.25115402223879923,ATL,2026-06-11,rule_of_thumb
5,2804.4666666666667,0.9499524252195735,1.686382681504527,0.2572219356998517,ATL,2026-06-11,rule_of_thumb
6,3118.9333333333334,1.3037180179141434,1.920979594447489,0.3531068726342552,ATL,2026-06-11,rule_of_thumb
7,3156.366666666667,1.3771636174084596,1.9277106630782725,0.43274933163939316,ATL,2026-06-11,rule_of_thumb
8,3235.0666666666666,1.3353220054954418,1.8730106494084273,0.448678314962492,ATL,2026-06-11,rule_of_thumb
9,3274.1,1.3140526124689194,1.837720949755049,0.4320465770279828,ATL,2026-06-11,rule_of_thumb
10,3314.5333333333333,1.4797334523756192,2.0671639959206236,0.5051414976622067,ATL,2026-06-11,rule_of_thumb
11,3097.9666666666667,1.9444899119384305,2.555005145054954,0.5723979486672238,ATL,2026-06-11,rule_of_thumb
12,2766.1,2.3608300298203013,2.998003456347088,0.7445418316575059,ATL,2026-06-11,rule_of_thumb
13,2505.7,2.323128674743909,2.963795100899842,0.7592733828264396,ATL,2026-06-11,rule_of_thumb
14,2238.5666666666666,2.0893816345002927,2.756902065812919,0.7821649811225323,ATL,2026-06-11,rule_of_thumb
15,2076.5666666666666,2.0266211115749995,2.688664342847654,0.9101923848115858,ATL,2026-06-11,rule_of_thumb
16,2103.4666666666667,1.8577639847876732,2.392718398937952,0.9722041851142299,ATL,2026-06-11,rule_of_thumb
17,2116.7,1.5799935456075842,2.272024182999076,0.8964020064871915,ATL,2026-06-11,rule_of_thumb
18,2299.0666666666666,1.3945045505269682,2.0875942265564302,0.7358212275806426,ATL,2026-06-11,rule_of_thumb
19,2473.3,1.4862576239371015,2.1327338844924086,0.7016207997319508,ATL,2026-06-11,rule_of_thumb
20,2477.4,1.5775300256645532,2.183805674282529,0.6984410019961461,ATL,2026-06-11,rule_of_thumb
21,2495.4333333333334,1.4434277142913103,2.062690613801557,0.6909954549180186,ATL,2026-06-11,rule_of_thumb
22,2355.133333333333,1.4231266558503841,2.0094402265825675,0.6366537339523595,ATL,2026-06-11,rule_of_thumb
23,2183.5,1.581214857587998,2.267994760423079,0.6846353204798337,ATL,2026-06-11,rule_of_thumb
24,2213.2,1.5124562835704158,2.1442444693161713,0.5544545125808075,ATL,2026-06-11,rule_of_thumb
25,2113.233333333333,1.8956105507422658,2.5051924435511777,0.6593931372065047,ATL,2026-06-11,rule_of_thumb
26,1997.2333333333333,1.972815849425452,2.6410919127133194,0.6174626346895752,ATL,2026-06-11,rule_of_thumb
27,1922.8333333333333,1.6723145324040432,2.3218252089095404,0.5601604200615198,ATL,2026-06-11,rule_of_thumb
28,1879.3,1.236459140465127,1.8083985759885457,0.571319513563109,ATL,2026-06-11,rule_of_thumb
29,1968.6666666666667,1.0283867789409236,1.7071699272655934,0.5111792878766875,ATL,2026-06-11,rule_of_thumb
30,2092.9,1.0021999310602612,1.5779391798039262,0.42345898855718483,ATL,2026-06-11,rule_of_thumb
31,2039.5,1.1184227636526114,1.8038503544814555,0.4571128828516878,ATL,2026-06-11,rule_of_thumb
32,1852.4666666666667,1.0154210480864316,1.6411738081343688,0.6805963056314992,ATL,2026-06-11,rule_of_thumb
33,1764.7,1.1759496448780775,1.8562098785117696,0.7956103060864752,ATL,2026-06-11,rule_of_thumb
34,1646.6,1.5259936622575525,2.227077315225304,0.8141084436181569,ATL,2026-06-11,rule_of_thumb
35,1522.5,2.2319413490848117,3.2652608682282174,0.9805154252475274,ATL,2026-06-11,rule_of_thumb
36,1273.1,3.7772543760802297,5.5684946740521,1.8808364997888758,ATL,2026-06-11,rule_of_thumb
37,774.9333333333333,11.072178705289842,20.446624982944904,14.368447245974352,ATL,2026-06-11,rule_of_thumb
38,187.76666666666668,31.127241823663436,39.07611965400882,18.67265400213011,ATL,2026-06-11,rule_of_thumb
39,9.633333333333333,33.205061824353145,36.085721956374364,18.88941195149589,ATL,2026-06-11,rule_of_thumb
40,0.0,0.0,0.0,0.0,ATL,2026-06-11,rule_of_thumb
41,0.0,0.0,0.0,0.0,ATL,2026-06-11,rule_of_thumb
42,0.0,0.0,0.0,0.0,ATL,2026-06-11,rule_of_thumb
43,0.0,0.0,0.0,0.0,ATL,2026-06-11,rule_of_thumb
44,0.3,0.002295981792894963,0.00436236540650043,0.008550079086150728,ATL,2026-06-11,rule_of_thumb
45,20.1,2.9912376637077167,4.350783197912581,5.570534580163365,ATL,2026-06-11,rule_of_thumb
0,424.1,0.0,0.0,0.0,ATL,2026-06-11,flat_feasible
1,678.8,0.0,0.0,0.0,ATL,2026-06-11,flat_feasible
2,1034.7,0.0,0.0,0.0,ATL,2026-06-11,flat_feasible
3,1582.2666666666667,1.5257666868150517e-06,0.0,0.0,ATL,2026-06-11,flat_feasible
4,2202.3333333333335,0.0007352812049091119,0.0031312497640423372,0.0037320227930324463,ATL,2026-06-11,flat_feasible
5,2783.766666666667,0.03634331711226184,0.22203404088798573,0.05742962216672034,ATL,2026-06-11,flat_feasible
6,3095.0333333333333,0.18720720545729108,0.5231076089823887,0.1380655550444438,ATL,2026-06-11,flat_feasible
7,3151.5333333333333,0.4524117966787672,0.9093333914276672,0.16203946786746548,ATL,2026-06-11,flat_feasible
8,3234.3333333333335,0.5684521279241402,1.155801869565373,0.20174797415117,ATL,2026-06-11,flat_feasible
9,3270.0666666666666,1.1626280435290026,1.8294991999674495,0.2818309432782363,ATL,2026-06-11,flat_feasible
10,3302.8,2.206736076993244,2.8879118402774973,0.5133850445854454,ATL,2026-06-11,flat_feasible
11,3117.4333333333334,2.35638642233384,2.888465615924824,0.6020844952087866,ATL,2026-06-11,flat_feasible
12,2772.7,0.9756240535548698,1.9447956637272992,0.6453848861059803,ATL,2026-06-11,flat_feasible
13,2523.8,0.0344365913294534,0.19492048959191735,0.14123590365288688,ATL,2026-06-11,flat_feasible
14,2245.2,0.0016885704357639596,0.011904560940556428,0.00854321601178608,ATL,2026-06-11,flat_feasible
15,2094.133333333333,0.00032367809641131804,0.00028543433159692667,0.0005594410100125233,ATL,2026-06-11,flat_feasible
16,2094.266666666667,0.00020799111855916016,0.00011834245693307708,0.00023194695348524472,ATL,2026-06-11,flat_feasible
17,2133.366666666667,0.00026697513285321554,0.0,0.0,ATL,2026-06-11,flat_feasible
18,2310.5,0.0006938809979414138,0.0019031201279447393,0.0018637753665307212,ATL,2026-06-11,flat_feasible
19,2463.133333333333,0.007007539770758025,0.04748559747376493,0.02228936036010143,ATL,2026-06-11,flat_feasible
20,2474.6,0.006104785967917439,0.042335825361186415,0.025775677894703617,ATL,2026-06-11,flat_feasible
21,2497.1,0.0042953241954201,0.029562125543650366,0.017261430343150905,ATL,2026-06-11,flat_feasible
22,2375.9333333333334,0.002165577901064569,0.013885179982093309,0.007434079564774067,ATL,2026-06-11,flat_feasible
23,2188.9666666666667,0.0010364613842051183,0.005203946059451516,0.007079309568479376,ATL,2026-06-11,flat_feasible
24,2215.3333333333335,0.0004281402958301692,0.0016229257153961849,0.0031808759525068834,ATL,2026-06-11,flat_feasible
25,2123.5666666666666,0.0003542403124981973,0.0010909385173014621,0.002138200203760165,ATL,2026-06-11,flat_feasible
26,1991.3333333333333,6.115392696701376e-05,0.0,0.0,ATL,2026-06-11,flat_feasible
27,1923.3666666666666,3.10627351755311e-05,0.0,0.0,ATL,2026-06-11,flat_feasible
28,1885.0333333333333,1.7283745938985755e-05,0.0,0.0,ATL,2026-06-11,flat_feasible
29,1981.8,1.3561613791853113e-05,0.0,0.0,ATL,2026-06-11,flat_feasible
30,2079.8,0.00023781368537089965,0.0,0.0,ATL,2026-06-11,flat_feasible
31,2038.6,0.000140165073252488,0.0,0.0,ATL,2026-06-11,flat_feasible
32,1850.2333333333333,3.060732622323713e-05,0.0,0.0,ATL,2026-06-11,flat_feasible
33,1761.9666666666667,7.874182856413787e-06,0.0,0.0,ATL,2026-06-11,flat_feasible
34,1645.6666666666667,2.147247277669699e-06,0.0,0.0,ATL,2026-06-11,flat_feasible
35,1507.1666666666667,0.0,0.0,0.0,ATL,2026-06-11,flat_feasible
36,1268.3666666666666,0.0,0.0,0.0,ATL,2026-06-11,flat_feasible
37,782.1666666666666,0.0,0.0,0.0,ATL,2026-06-11,flat_feasible
38,185.5,0.0,0.0,0.0,ATL,2026-06-11,flat_feasible
39,9.8,0.0,0.0,0.0,ATL,2026-06-11,flat_feasible
40,0.0,0.0,0.0,0.0,ATL,2026-06-11,flat_feasible
41,0.0,0.0,0.0,0.0,ATL,2026-06-11,flat_feasible
42,0.0,0.0,0.0,0.0,ATL,2026-06-11,flat_feasible
43,0.0,0.0,0.0,0.0,ATL,2026-06-11,flat_feasible
44,0.4666666666666667,0.0,0.0,0.0,ATL,2026-06-11,flat_feasible
45,19.766666666666666,0.0,0.0,0.0,ATL,2026-06-11,flat_feasible
0,419.23333333333335,0.0,0.0,0.0,ATL,2026-06-11,peak_everywhere
1,676.9,0.0,0.0,0.0,ATL,2026-06-11,peak_everywhere
2,1043.0,0.0,0.0,0.0,ATL,2026-06-11,peak_everywhere
3,1581.8333333333333,0.0,0.0,0.0,ATL,2026-06-11,peak_everywhere
4,2208.9333333333334,0.00041146934887672897,0.0010588536127723485,0.0018034883971212315,ATL,2026-06-11,peak_everywhere
5,2805.9666666666667,0.013176322936952341,0.08810875797409963,0.023389657318703166,ATL,2026-06-11,peak_everywhere
6,3115.266666666667,0.08979956993101847,0.3584890525915559,0.07216090723604143,ATL,2026-06-11,peak_everywhere
7,3142.8,0.11723712631208469,0.39542372428806233,0.1042996145754259,ATL,2026-06-11,peak_everywhere
8,3224.133333333333,0.27367645386267797,0.6485390401171583,0.12827846367892887,ATL,2026-06-11,peak_everywhere
9,3257.2,0.33614057051746105,0.8164703164651134,0.18757351974463282,ATL,2026-06-11,peak_everywhere
10,3303.366666666667,0.528937926288974,0.9515459649057021,0.2497815394526551,ATL,2026-06-11,peak_everywhere
11,3107.0,0.25387904257660365,0.6041640945535913,0.21768565705253537,ATL,2026-06-11,peak_everywhere
12,2775.233333333333,0.017567966854313017,0.1114985455451786,0.0460096458404492,ATL,2026-06-11,peak_everywhere
13,2516.0,0.0015982143948703033,0.009422599943116733,0.007187604585152188,ATL,2026-06-11,peak_everywhere
14,2259.6,0.0006411513209970069,0.003683607238716983,0.0072197375227705885,ATL,2026-06-11,peak_everywhere
15,2065.0333333333333,3.18489364164655e-05,0.0,0.0,ATL,2026-06-11,peak_everywhere
16,2115.366666666667,4.641533550966819e-05,0.0,0.0,ATL,2026-06-11,peak_everywhere
17,2127.4,5.614691623214817e-05,0.0,0.0,ATL,2026-06-11,peak_everywhere
18,2301.2,0.0003038228632861007,0.0014251926588478147,0.0021194126751152304,ATL,2026-06-11,peak_everywhere
19,2462.8,0.0010533104485459543,0.0037425961193630016,0.0029462443685433354,ATL,2026-06-11,peak_everywhere
20,2474.366666666667,0.0018190454705094873,0.008941040257099823,0.004950445056841599,ATL,2026-06-11,peak_everywhere
21,2503.3,0.002006890701568434,0.011388707653170687,0.0076407786707820185,ATL,2026-06-11,peak_everywhere
22,2363.9333333333334,0.0006449934642054302,0.002304807652448819,0.003450357804620968,ATL,2026-06-11,peak_everywhere
23,2184.4,0.00020299174053710112,0.0,0.0,ATL,2026-06-11,peak_everywhere
24,2201.733333333333,0.00012971933009044785,0.0,0.0,ATL,2026-06-11,peak_everywhere
25,2121.3333333333335,2.856232513087074e-05,0.0,0.0,ATL,2026-06-11,peak_everywhere
26,1993.4,1.2862782021375895e-05,0.0,0.0,ATL,2026-06-11,peak_everywhere
27,1926.4333333333334,2.2214171539817576e-05,0.0,0.0,ATL,2026-06-11,peak_everywhere
28,1877.8,6.364202418160506e-06,0.0,0.0,ATL,2026-06-11,peak_everywhere
29,1981.4,1.898130506028078e-05,0.0,0.0,ATL,2026-06-11,peak_everywhere
30,2092.133333333333,5.431708712267217e-05,0.0,0.0,ATL,2026-06-11,peak_everywhere
31,2043.5666666666666,6.722038045809944e-05,0.0,0.0,ATL,2026-06-11,peak_everywhere
32,1864.3,6.141508713076406e-06,0.0,0.0,ATL,2026-06-11,peak_everywhere
33,1749.2333333333333,4.062999243185614e-07,0.0,0.0,ATL,2026-06-11,peak_everywhere
34,1665.5333333333333,1.3752710859547783e-07,0.0,0.0,ATL,2026-06-11,peak_everywhere
35,1502.9666666666667,0.0,0.0,0.0,ATL,2026-06-11,peak_everywhere
36,1272.3333333333333,0.0,0.0,0.0,ATL,2026-06-11,peak_everywhere
37,787.9666666666667,0.0,0.0,0.0,ATL,2026-06-11,peak_everywhere
38,188.33333333333334,0.0,0.0,0.0,ATL,2026-06-11,peak_everywhere
39,9.733333333333333,0.0,0.0,0.0,ATL,2026-06-11,peak_everywhere
40,0.0,0.0,0.0,0.0,ATL,2026-06-11,peak_everywhere
41,0.0,0.0,0.0,0.0,ATL,2026-06-11,peak_everywhere
42,0.0,0.0,0.0,0.0,ATL,2026-06-11,peak_everywhere
43,0.0,0.0,0.0,0.0,ATL,2026-06-11,peak_everywhere
44,0.36666666666666664,0.0,0.0,0.0,ATL,2026-06-11,peak_everywhere
45,18.2,0.0,0.0,0.0,ATL,2026-06-11,peak_everywhere
0,390.73333333333335,0.008651613704156253,0.06273893151248286,0.03270552991725104,ATL,2026-06-12,optimised
1,639.7,0.3404833230731698,1.1164157276023805,0.3114309390138251,ATL,2026-06-12,optimised
2,1005.8333333333334,0.00716093130867086,0.04176071975498527,0.04003539052691606,ATL,2026-06-12,optimised
3,1564.6333333333334,0.4269206850346546,1.2769757012138283,0.23375147834412707,ATL,2026-06-12,optimised
4,2203.233333333333,0.04130445534021092,0.2645087216031706,0.125915777750534,ATL,2026-06-12,optimised
5,2741.9,0.24491815451929252,0.7451681013160597,0.19859597242135363,ATL,2026-06-12,optimised
6,3031.2,0.5645057075515069,1.0675121803719871,0.2743304675953116,ATL,2026-06-12,optimised
7,3079.1666666666665,0.7497069484115332,1.2677655238233423,0.2726638796285816,ATL,2026-06-12,optimised
8,3158.5,0.8137172043602341,1.3282135795597798,0.3389632577904733,ATL,2026-06-12,optimised
9,3206.4666666666667,1.0211330220578592,1.6230212869165859,0.371569210552001,ATL,2026-06-12,optimised
10,3243.366666666667,1.3515328391928414,1.945069330536092,0.36003908113938626,ATL,2026-06-12,optimised
11,3017.0,0.7270779306058902,1.4129386804610167,0.3563428591559103,ATL,2026-06-12,optimised
12,2700.1666666666665,0.6942979260209672,1.2545947850752772,0.28671978075759996,ATL,2026-06-12,optimised
13,2468.8333333333335,0.31217910754184547,0.6750783942505111,0.2746774525685144,ATL,2026-06-12,optimised
14,2212.5,0.07095586321906983,0.30049816215496905,0.09562670671344732,ATL,2026-06-12,optimised
15,2039.9,0.010610669057279039,0.0721025915917707,0.023961877393259928,ATL,2026-06-12,optimised
16,2091.733333333333,0.2682240165320113,0.778998129117948,0.2622222962541093,ATL,2026-06-12,optimised
17,2147.4,0.5776663041315939,1.156783354575606,0.26697024883800413,ATL,2026-06-12,optimised
18,2310.8,0.27543046268314075,0.7760561910280676,0.21772783872649018,ATL,2026-06-12,optimised
19,2468.3333333333335,0.6741106287624127,1.3163628730211312,0.2773368398052808,ATL,2026-06-12,optimised
20,2486.5,0.8529312323497736,1.429276082619384,0.2768647088821227,ATL,2026-06-12,optimised
21,2488.1,0.9194395662312439,1.5824494365984993,0.38564165911608655,ATL,2026-06-12,optimised
22,2382.266666666667,1.0855102975748976,1.595995039572293,0.4880339644370549,ATL,2026-06-12,optimised
23,2213.133333333333,0.5932514695751673,1.1982996906092442,0.4544665845227456,ATL,2026-06-12,optimised
24,2195.3,0.6268858583176109,1.2573345602624166,0.26530801879664545,ATL,2026-06-12,optimised
25,2086.8333333333335,0.5355862816396201,1.0618351721510721,0.3070681405605376,ATL,2026-06-12,optimised
26,1981.4333333333334,0.07548541637734124,0.4001841403931424,0.11571993705888957,ATL,2026-06-12,optimised
27,1942.3,0.022696419354373356,0.14049400604707726,0.034751714770665285,ATL,2026-06-12,optimised
28,1881.0666666666666,0.1977918981291171,0.5922508749626773,0.15713700075100223,ATL,2026-06-12,optimised
29,1967.1,0.545647237391144,1.1888731344856254,0.26177617452271473,ATL,2026-06-12,optimised
30,2036.1,0.019446766057150552,0.13757174419878818,0.11829248810375917,ATL,2026-06-12,optimised
31,1991.0,0.00020083364026961015,0.0,0.0,ATL,2026-06-12,optimised
32,1819.3666666666666,2.728378030886374e-05,0.0,0.0,ATL,2026-06-12,optimised
33,1717.7666666666667,0.00028083571350854213,0.0,0.0,ATL,2026-06-12,optimised
34,1650.3666666666666,0.5057348824520566,1.1472766818790137,0.24738834960543768,ATL,2026-06-12,optimised
35,1504.0,0.28539887465379604,0.8037403507882072,0.2393468709810448,ATL,2026-06-12,optimised
36,1270.2666666666667,1.0243884566853134,1.880151689277951,0.31430856189515693,ATL,2026-06-12,optimised
37,785.3333333333334,0.15315994012089337,0.6458237846943746,0.26510694678543656,ATL,2026-06-12,optimised
38,188.4,3.561582791966767,5.896421880933192,0.8663131106832371,ATL,2026-06-12,optimised
39,9.5,0.018580901577950774,0.07391454608883387,0.13896160672105096,ATL,2026-06-12,optimised
40,0.0,0.0,0.0,0.0,ATL,2026-06-12,optimised
41,0.0,0.0,0.0,0.0,ATL,2026-06-12,optimised
42,0.0,0.0,0.0,0.0,ATL,2026-06-12,optimised
43,0.0,0.0,0.0,0.0,ATL,2026-06-12,optimised
44,0.6,0.0,0.0,0.0,ATL,2026-06-12,optimised
45,21.733333333333334,0.19265039214143892,0.8775488714429509,0.2874014975262332,ATL,2026-06-12,optimised
0,395.1333333333333,1.0253182531468719,2.796026614291592,0.4682562173618134,ATL,2026-06-12,rule_of_thumb
1,637.0666666666667,1.356967167137868,2.8073522276707563,0.47799124111334124,ATL,2026-06-12,rule_of_thumb
2,1012.8666666666667,1.1032978608023092,2.128230788780507,0.4110141145604985,ATL,2026-06-12,rule_of_thumb
3,1556.0333333333333,0.8046929326855936,1.6781344842131538,0.34148226375474544,ATL,2026-06-12,rule_of_thumb
4,2198.9666666666667,0.7279594923706296,1.4551013138186817,0.2869981819242672,ATL,2026-06-12,rule_of_thumb
5,2738.5333333333333,0.6224270855969664,1.2601530373968954,0.22464187375911154,ATL,2026-06-12,rule_of_thumb
6,3043.9333333333334,0.9357058853131133,1.4555538671103911,0.30271743418893615,ATL,2026-06-12,rule_of_thumb
7,3071.733333333333,1.010523382306639,1.560253080325895,0.3431133411864556,ATL,2026-06-12,rule_of_thumb
8,3141.3,0.7502807454149379,1.2888910160022211,0.38193851597074346,ATL,2026-06-12,rule_of_thumb
9,3196.6,0.8714646272829446,1.3860667014470909,0.41135238952646475,ATL,2026-06-12,rule_of_thumb
10,3216.0333333333333,1.1250583996080734,1.634215114842603,0.4587766047830803,ATL,2026-06-12,rule_of_thumb
11,3029.9666666666667,1.3048843647374586,1.8741554547031325,0.5698674820575003,ATL,2026-06-12,rule_of_thumb
12,2734.1666666666665,1.7747813433983122,2.431193341123662,0.6803667536239608,ATL,2026-06-12,rule_of_thumb
13,2459.1666666666665,2.1385006682007264,2.8105575720914207,0.7639677484368275,ATL,2026-06-12,rule_of_thumb
14,2191.733333333333,2.3670349841158957,2.9971641061873986,0.8629715856657046,ATL,2026-06-12,rule_of_thumb
15,2025.7333333333333,2.0161644053481336,2.6147402991160673,0.8814728519135488,ATL,2026-06-12,rule_of_thumb
16,2085.5666666666666,1.5382867097055093,2.150957017584118,0.7402390481079625,ATL,2026-06-12,rule_of_thumb
17,2143.0333333333333,1.504519981808719,2.1016390385880532,0.7159405290984023,ATL,2026-06-12,rule_of_thumb
18,2305.2,1.4989341472131603,2.1801707878309715,0.6090485803089757,ATL,2026-06-12,rule_of_thumb
19,2466.8333333333335,1.6279328778176312,2.2609873192952734,0.6216054998583301,ATL,2026-06-12,rule_of_thumb
20,2492.766666666667,1.6578794050212884,2.2970055537324687,0.6375671726776676,ATL,2026-06-12,rule_of_thumb
21,2506.233333333333,1.4999708087746997,2.0983291581886285,0.6594505960361207,ATL,2026-06-12,rule_of_thumb
22,2383.7,1.8174312162540576,2.46607836002037,0.6560541314725672,ATL,2026-06-12,rule_of_thumb
23,2218.6666666666665,1.9494341038055711,2.542886579789349,0.6810071746525068,ATL,2026-06-12,rule_of_thumb
24,2183.633333333333,1.9950632144943734,2.574035013826603,0.7185952804495739,ATL,2026-06-12,rule_of_thumb
25,2098.9,1.710557723054685,2.4075572626196307,0.7273836947984692,ATL,2026-06-12,rule_of_thumb
26,1970.2,1.5985334875617292,2.267554672459059,0.6625875197950936,ATL,2026-06-12,rule_of_thumb
27,1930.6666666666667,1.4700222116229185,2.198960415969794,0.5887983465309701,ATL,2026-06-12,rule_of_thumb
28,1872.8,1.1102410615844776,1.7364268730300987,0.5427668229457455,ATL,2026-06-12,rule_of_thumb
29,1959.3,1.095276073552289,1.701724995760942,0.5558190621269907,ATL,2026-06-12,rule_of_thumb
30,2053.633333333333,1.3363576373253812,1.9454373718574167,0.7053083422029927,ATL,2026-06-12,rule_of_thumb
31,1995.5,1.5558468169835409,2.3461537265482395,0.8146507020978581,ATL,2026-06-12,rule_of_thumb
32,1808.4,1.9555356299690072,2.6492925544323525,0.9977196072609653,ATL,2026-06-12,rule_of_thumb
33,1730.4333333333334,2.099111477823693,2.8307029295817014,1.1273923266293464,ATL,2026-06-12,rule_of_thumb
34,1650.6666666666667,2.341370413436832,3.140525486687132,1.1338529512071858,ATL,2026-06-12,rule_of_thumb
35,1511.0333333333333,2.615224375765704,3.4588309032887823,1.139182804870554,ATL,2026-06-12,rule_of_thumb
36,1274.0,3.629901812562381,5.1286553235303485,1.7856071123639061,ATL,2026-06-12,rule_of_thumb
37,783.4666666666667,11.010800885685603,23.819157827926308,13.430627189221418,ATL,2026-06-12,rule_of_thumb
38,187.5,35.42029723372621,43.70764135052497,18.581167266018593,ATL,2026-06-12,rule_of_thumb
39,9.3,35.891208123558684,38.77339342848404,18.861432171249753,ATL,2026-06-12,rule_of_thumb
40,0.0,0.0,0.0,0.0,ATL,2026-06-12,rule_of_thumb
41,0.0,0.0,0.0,0.0,ATL,2026-06-12,rule_of_thumb
42,0.0,0.0,0.0,0.0,ATL,2026-06-12,rule_of_thumb
43,0.0,0.0,0.0,0.0,ATL,2026-06-12,rule_of_thumb
44,0.23333333333333334,0.0,0.0,0.0,ATL,2026-06-12,rule_of_thumb
45,20.8,1.219053053118592,2.3169442899771417,2.2813972578350548,ATL,2026-06-12,rule_of_thumb
0,394.06666666666666,0.0,0.0,0.0,ATL,2026-06-12,flat_feasible
1,638.4666666666667,0.0,0.0,0.0,ATL,2026-06-12,flat_feasible
2,1005.2,0.0,0.0,0.0,ATL,2026-06-12,flat_feasible
3,1548.0,3.817190689044609e-06,0.0,0.0,ATL,2026-06-12,flat_feasible
4,2200.733333333333,0.0021113026229526593,0.016348423237331808,0.018897506727758237,ATL,2026-06-12,flat_feasible
5,2742.633333333333,0.05432015216879003,0.26669149612033655,0.08929240099706183,ATL,2026-06-12,flat_feasible
6,3037.3,0.2768679596856237,0.7164233657328904,0.13143003746798423,ATL,2026-06-12,flat_feasible
7,3053.1,0.5125865626453113,0.9638088461048738,0.20695764042790896,ATL,2026-06-12,flat_feasible
8,3156.9,0.8570161174705125,1.571246612143649,0.3416390984931288,ATL,2026-06-12,flat_feasible
9,3191.8333333333335,1.551310335859841,2.184265522482565,0.42318616853636004,ATL,2026-06-12,flat_feasible
10,3235.1666666666665,2.759379763893397,3.4624923911363705,0.5570981299228481,ATL,2026-06-12,flat_feasible
11,3019.1,2.904901805518774,3.572507830551632,0.5847348970026003,ATL,2026-06-12,flat_feasible
12,2703.3333333333335,0.9846188281063909,2.1257834829900712,0.5728299029040863,ATL,2026-06-12,flat_feasible
13,2452.633333333333,0.03639227090976112,0.19873974292081734,0.1675098443982069,ATL,2026-06-12,flat_feasible
14,2205.5666666666666,0.0011549589252267346,0.005083726589982114,0.0056176738013625025,ATL,2026-06-12,flat_feasible
15,2048.633333333333,0.0002465501658924237,3.5334036869583786e-05,6.925343970904632e-05,ATL,2026-06-12,flat_feasible
16,2081.133333333333,0.00023827182507593238,0.0,0.0,ATL,2026-06-12,flat_feasible
17,2148.1,0.0014126184270732557,0.009387998407313834,0.009482354761045104,ATL,2026-06-12,flat_feasible
18,2315.266666666667,0.0020250970775211826,0.012721528948563899,0.010835155683433765,ATL,2026-06-12,flat_feasible
19,2477.5666666666666,0.006562415250801876,0.05015190780854477,0.025325636078032145,ATL,2026-06-12,flat_feasible
20,2490.133333333333,0.007963912695575134,0.05536732343351159,0.04206492530876847,ATL,2026-06-12,flat_feasible
21,2489.7,0.005612695705757983,0.04159677308576758,0.02415442466714471,ATL,2026-06-12,flat_feasible
22,2379.1666666666665,0.0036679491069329224,0.026190439346902555,0.014720546203043288,ATL,2026-06-12,flat_feasible
23,2223.9666666666667,0.0011065813112598516,0.004477197330021249,0.002981654558913071,ATL,2026-06-12,flat_feasible
24,2197.366666666667,0.0008496935852941375,0.0006872787422694708,0.0009056473261169601,ATL,2026-06-12,flat_feasible
25,2097.266666666667,0.0002925215252750944,0.0,0.0,ATL,2026-06-12,flat_feasible
26,1992.0333333333333,0.0001342959031762372,0.0,0.0,ATL,2026-06-12,flat_feasible
27,1931.8,0.0003033219617274969,0.0005141141625885355,0.001007645242851964,ATL,2026-06-12,flat_feasible
28,1866.5,2.8788358709411007e-05,0.0,0.0,ATL,2026-06-12,flat_feasible
29,1946.0333333333333,0.00014779850443036278,0.0,0.0,ATL,2026-06-12,flat_feasible
30,2046.4666666666667,0.0002888228850736838,0.001062941302844441,0.002083326671744082,ATL,2026-06-12,flat_feasible
31,1994.4,0.00036347085445509177,0.0019345541430053907,0.003791656447323105,ATL,2026-06-12,flat_feasible
32,1814.7,2.473352314812033e-05,0.0,0.0,ATL,2026-06-12,flat_feasible
33,1723.7,7.502422895840139e-06,0.0,0.0,ATL,2026-06-12,flat_feasible
34,1641.9333333333334,2.132841661368058e-07,0.0,0.0,ATL,2026-06-12,flat_feasible
35,1531.5,3.51121276025138e-07,0.0,0.0,ATL,2026-06-12,flat_feasible
36,1269.6,0.0,0.0,0.0,ATL,2026-06-12,flat_feasible
37,772.9333333333333,0.0,0.0,0.0,ATL,2026-06-12,flat_feasible
38,186.9,0.0,0.0,0.0,ATL,2026-06-12,flat_feasible
39,10.3,0.0,0.0,0.0,ATL,2026-06-12,flat_feasible
40,0.0,0.0,0.0,0.0,ATL,2026-06-12,flat_feasible
41,0.0,0.0,0.0,0.0,ATL,2026-06-12,flat_feasible
42,0.0,0.0,0.0,0.0,ATL,2026-06-12,flat_feasible
43,0.0,0.0,0.0,0.0,ATL,2026-06-12,flat_feasible
44,0.6666666666666666,0.0,0.0,0.0,ATL,2026-06-12,flat_feasible
45,21.866666666666667,0.0,0.0,0.0,ATL,2026-06-12,flat_feasible
0,387.3666666666667,0.0,0.0,0.0,ATL,2026-06-12,peak_everywhere
1,637.0,0.0,0.0,0.0,ATL,2026-06-12,peak_everywhere
2,1002.2333333333333,0.0,0.0,0.0,ATL,2026-06-12,peak_everywhere
3,1555.7333333333333,6.054175177330212e-07,0.0,0.0,ATL,2026-06-12,peak_everywhere
4,2186.3,0.0009652785014597952,0.006308124036217255,0.012363695923898656,ATL,2026-06-12,peak_everywhere
5,2757.766666666667,0.020378788142112747,0.13538056955880803,0.06044322504558827,ATL,2026-06-12,peak_everywhere
6,3037.4333333333334,0.10480359807103407,0.3716208491355161,0.08863080904460066,ATL,2026-06-12,peak_everywhere
7,3087.266666666667,0.13523610492686994,0.43795890030444085,0.08061420531201514,ATL,2026-06-12,peak_everywhere
8,3118.7,0.17590637816680693,0.49532476390624863,0.14418242959161726,ATL,2026-06-12,peak_everywhere
9,3203.633333333333,0.3238565278695838,0.755792292263373,0.1724842029641183,ATL,2026-06-12,peak_everywhere
10,3229.0666666666666,0.5527493796324373,1.0283675326579917,0.3062280195551603,ATL,2026-06-12,peak_everywhere
11,3044.133333333333,0.40993805474163086,0.8164564446022637,0.3176762437881621,ATL,2026-06-12,peak_everywhere
12,2708.1,0.020896548594951617,0.1401685037614566,0.08088631111966456,ATL,2026-06-12,peak_everywhere
13,2463.4,0.0029610141231568884,0.019094405034812568,0.01665650574729879,ATL,2026-06-12,peak_everywhere
14,2208.5,0.0005123797318292457,0.0022453054991814245,0.002557312178329081,ATL,2026-06-12,peak_everywhere
15,2035.2,0.00016261683280935238,0.0,0.0,ATL,2026-06-12,peak_everywhere
16,2096.0666666666666,0.0001939223166819072,0.0,0.0,ATL,2026-06-12,peak_everywhere
17,2145.3333333333335,0.0001552102378634006,0.0,0.0,ATL,2026-06-12,peak_everywhere
18,2311.766666666667,0.00048505112517228244,0.0003294811442428139,0.0006457711764525054,ATL,2026-06-12,peak_everywhere
19,2458.4,0.0019698487982648958,0.011769151418965855,0.009552652648303284,ATL,2026-06-12,peak_everywhere
20,2497.633333333333,0.0025924880868370844,0.01468368046302485,0.010080366943595652,ATL,2026-06-12,peak_everywhere
21,2490.8,0.004317251156287329,0.03563552241807122,0.02477727404246637,ATL,2026-06-12,peak_everywhere
22,2389.1666666666665,0.0009032403336362187,0.003860425523883843,0.004496626981535454,ATL,2026-06-12,peak_everywhere
23,2216.2,0.0003899957577181301,0.0006039460102323344,0.0009729085502421744,ATL,2026-06-12,peak_everywhere
24,2197.866666666667,0.0003054522798193168,0.0,0.0,ATL,2026-06-12,peak_everywhere
25,2102.5666666666666,7.532879984903857e-05,0.0,0.0,ATL,2026-06-12,peak_everywhere
26,1988.3,4.4723967289042936e-05,0.0,0.0,ATL,2026-06-12,peak_everywhere
27,1931.5,7.451473802368914e-06,0.0,0.0,ATL,2026-06-12,peak_everywhere
28,1868.8,2.8024595413256935e-05,0.0,0.0,ATL,2026-06-12,peak_everywhere
29,1956.5,1.3337081212258275e-05,0.0,0.0,ATL,2026-06-12,peak_everywhere
30,2027.5333333333333,9.18121158574947e-05,0.0,0.0,ATL,2026-06-12,peak_everywhere
31,1984.6,8.931926461854198e-05,0.0,0.0,ATL,2026-06-12,peak_everywhere
32,1823.3666666666666,1.7232243516149699e-06,0.0,0.0,ATL,2026-06-12,peak_everywhere
33,1738.8,3.777231098147966e-08,0.0,0.0,ATL,2026-06-12,peak_everywhere
34,1636.8333333333333,2.4138690007834823e-06,0.0,0.0,ATL,2026-06-12,peak_everywhere
35,1521.6333333333334,0.0,0.0,0.0,ATL,2026-06-12,peak_everywhere
36,1267.2333333333333,0.0,0.0,0.0,ATL,2026-06-12,peak_everywhere
37,784.2666666666667,0.0,0.0,0.0,ATL,2026-06-12,peak_everywhere
38,188.4,0.0,0.0,0.0,ATL,2026-06-12,peak_everywhere
39,10.066666666666666,0.0,0.0,0.0,ATL,2026-06-12,peak_everywhere
40,0.0,0.0,0.0,0.0,ATL,2026-06-12,peak_everywhere
41,0.0,0.0,0.0,0.0,ATL,2026-06-12,peak_everywhere
42,0.0,0.0,0.0,0.0,ATL,2026-06-12,peak_everywhere
43,0.0,0.0,0.0,0.0,ATL,2026-06-12,peak_everywhere
44,0.6,0.0,0.0,0.0,ATL,2026-06-12,peak_everywhere
45,23.166666666666668,0.0,0.0,0.0,ATL,2026-06-12,peak_everywhere
0,327.03333333333336,0.028193055394529914,0.18365333875615134,0.08121206876426783,ATL,2026-06-13,optimised
1,536.2666666666667,0.6429059839742542,1.6822888957402076,0.27429007719791665,ATL,2026-06-13,optimised
2,784.8666666666667,0.031820186709158954,0.22574404264732975,0.14824192847449782,ATL,2026-06-13,optimised
3,1127.9,0.3042608858273157,0.9953463273004478,0.20181045922560553,ATL,2026-06-13,optimised
4,1600.9,0.022496372541165096,0.13889303206976011,0.06518815047606212,ATL,2026-06-13,optimised
5,2105.233333333333,0.33503950054693177,0.9735026959403595,0.2274476624903361,ATL,2026-06-13,optimised
6,2548.2,0.15072040070249282,0.5986544573179725,0.1821262359265337,ATL,2026-06-13,optimised
7,2877.4333333333334,0.4147613868910406,0.9858042821363436,0.20048369698205354,ATL,2026-06-13,optimised
8,3025.6666666666665,0.7798892725404011,1.330822151562656,0.32502832132039783,ATL,2026-06-13,optimised
9,3000.1,0.8785974128976601,1.4619570826650923,0.2980787879356558,ATL,2026-06-13,optimised
10,2980.733333333333,0.9424168896005732,1.4553293777106764,0.3537934367704798,ATL,2026-06-13,optimised
11,2813.9333333333334,0.3663868944826418,0.8940572974073768,0.25938605663657954,ATL,2026-06-13,optimised
12,2466.4,0.8579011646478956,1.457153017395263,0.28974029190919637,ATL,2026-06-13,optimised
13,2160.266666666667,0.26632091614984155,0.6819006228620761,0.2761643803121078,ATL,2026-06-13,optimised
14,1911.7666666666667,0.6390252733157266,1.290387334464975,0.3187974093816331,ATL,2026-06-13,optimised
15,1763.2,0.3709846000137136,0.9136639990161142,0.29377901542350215,ATL,2026-06-13,optimised
16,1811.2333333333333,0.2802305387481381,0.727101787065833,0.23124930492763032,ATL,2026-06-13,optimised
17,1848.4,0.4310946541005097,1.0004598936898288,0.25995384756286327,ATL,2026-06-13,optimised
18,1958.8,0.2869210190661725,0.7278988286546488,0.17666620885925208,ATL,2026-06-13,optimised
19,2074.1,0.6721200965753962,1.2809772408349356,0.218723367330467,ATL,2026-06-13,optimised
20,2035.4666666666667,0.9394413454540681,1.6042176697231512,0.3338697541760645,ATL,2026-06-13,optimised
21,2041.9333333333334,1.1907915275158578,1.859466383051823,0.38112120345305733,ATL,2026-06-13,optimised
22,1949.3666666666666,1.228083853061144,1.8151673518077573,0.43344191129256543,ATL,2026-06-13,optimised
23,1734.5,0.4109002682057205,1.033019559460169,0.3943129668203109,ATL,2026-06-13,optimised
24,1662.5333333333333,0.2896367819170905,0.7271620721687196,0.22509400407214217,ATL,2026-06-13,optimised
25,1716.6333333333334,0.5356613846206568,1.1044410758165577,0.274424132034821,ATL,2026-06-13,optimised
26,1790.1,0.08007813746653944,0.4412981230328464,0.1370691397632497,ATL,2026-06-13,optimised
27,1861.9,0.09302284340605403,0.3848121543268118,0.09199762290851762,ATL,2026-06-13,optimised
28,1831.5,0.4115374099381872,0.9869800549065407,0.24436014828648733,ATL,2026-06-13,optimised
29,1819.5333333333333,0.37183839083104914,0.8432881498547786,0.22239506658093133,ATL,2026-06-13,optimised
30,1810.7,0.002432101346274273,0.00833296317048309,0.016332307702478267,ATL,2026-06-13,optimised
31,1698.7333333333333,6.18606219211138e-05,0.0,0.0,ATL,2026-06-13,optimised
32,1444.8333333333333,0.00028008570020324316,0.00011495728006858961,0.0002253121287479939,ATL,2026-06-13,optimised
33,1313.0666666666666,0.0006179396943870272,0.0,0.0,ATL,2026-06-13,optimised
34,1242.2,0.45927879813411276,1.055533650128553,0.2528554139644651,ATL,2026-06-13,optimised
35,1153.0666666666666,0.4505336342997096,1.1872908423343036,0.26398881986258166,ATL,2026-06-13,optimised
36,1009.1333333333333,1.168488871428976,2.1205118457586773,0.3723378543471251,ATL,2026-06-13,optimised
37,602.7,0.22178953019761644,0.7966996761246873,0.36441172578742564,ATL,2026-06-13,optimised
38,97.4,2.673516144741757,4.719843109042552,0.8962122804340903,ATL,2026-06-13,optimised
39,0.7333333333333333,0.0,0.0,0.0,ATL,2026-06-13,optimised
40,0.0,0.0,0.0,0.0,ATL,2026-06-13,optimised
41,0.0,0.0,0.0,0.0,ATL,2026-06-13,optimised
42,0.0,0.0,0.0,0.0,ATL,2026-06-13,optimised
43,0.0,0.0,0.0,0.0,ATL,2026-06-13,optimised
44,0.43333333333333335,0.0,0.0,0.0,ATL,2026-06-13,optimised
45,19.266666666666666,0.3041808112017915,1.2797115597508473,0.5060953467994788,ATL,2026-06-13,optimised
0,332.93333333333334,0.5306584365246972,1.6044700034416515,0.41678887261398717,ATL,2026-06-13,rule_of_thumb
1,522.8666666666667,0.9036312589801524,2.1319225742387804,0.39825542118751706,ATL,2026-06-13,rule_of_thumb
2,781.2666666666667,1.0080357451963713,1.9885891920807228,0.43704181224543376,ATL,2026-06-13,rule_of_thumb
3,1126.7666666666667,0.5465686469736605,1.4145114623159099,0.25482503845538235,ATL,2026-06-13,rule_of_thumb
4,1593.0,0.601463947261741,1.4717135938338408,0.20867494574957052,ATL,2026-06-13,rule_of_thumb
5,2113.6,0.5424868397729372,1.3386087547052399,0.24891776583176126,ATL,2026-06-13,rule_of_thumb
6,2538.5,0.5121253067756689,1.15643599060344,0.2800844713724089,ATL,2026-06-13,rule_of_thumb
7,2874.9333333333334,0.7113559243052523,1.2034660909266817,0.25922052491534747,ATL,2026-06-13,rule_of_thumb
8,3021.3,0.8093173344402587,1.3412939277487257,0.31568383359529933,ATL,2026-06-13,rule_of_thumb
9,2988.8,0.8849088290975526,1.5030374170164629,0.35483977915517295,ATL,2026-06-13,rule_of_thumb
10,2977.7,0.922282251113401,1.403591651316582,0.3540927745560267,ATL,2026-06-13,rule_of_thumb
11,2807.5333333333333,0.9241809695885181,1.5205900469076878,0.3532147501275986,ATL,2026-06-13,rule_of_thumb
12,2467.9333333333334,1.4533990650970534,2.1937948322365832,0.5209521781571013,ATL,2026-06-13,rule_of_thumb
13,2160.9666666666667,1.8635826256315806,2.6407385619119816,0.8218744901875522,ATL,2026-06-13,rule_of_thumb
14,1897.1666666666667,2.579680699630458,3.3392306763298576,0.9954505367085897,ATL,2026-06-13,rule_of_thumb
15,1757.9666666666667,2.6223309860516286,3.297514637648875,1.0600650122670139,ATL,2026-06-13,rule_of_thumb
16,1809.7333333333333,2.6408686200982774,3.306771741465863,1.1286488245864106,ATL,2026-06-13,rule_of_thumb
17,1854.1333333333334,2.1120432527036823,2.8244398839579516,0.9824819787758992,ATL,2026-06-13,rule_of_thumb
18,1971.4333333333334,1.7616180227241212,2.372863207584219,0.749740811930678,ATL,2026-06-13,rule_of_thumb
19,2080.9666666666667,2.245138547037031,2.943178697225291,0.8434474556739853,ATL,2026-06-13,rule_of_thumb
20,2040.8666666666666,2.250684681702512,2.933074068253261,0.9266889774961345,ATL,2026-06-13,rule_of_thumb
21,2021.2666666666667,2.119611226911181,2.81437952822673,0.9979753675087221,ATL,2026-06-13,rule_of_thumb
22,1951.3,1.9591591030572197,2.6309901560118507,0.968018505650082,ATL,2026-06-13,rule_of_thumb
23,1741.7333333333333,2.2020349594942052,2.893475307981391,1.135193697693865,ATL,2026-06-13,rule_of_thumb
24,1661.0666666666666,2.3938788482397766,3.1033177877615525,1.1863067582188105,ATL,2026-06-13,rule_of_thumb
25,1714.1,2.0722953025413764,2.745244319512127,1.1258312290867145,ATL,2026-06-13,rule_of_thumb
26,1799.8666666666666,1.8430724080930774,2.5779262622747696,0.9671940576716226,ATL,2026-06-13,rule_of_thumb
27,1879.3,1.767615163908211,2.4441162703882093,0.8785538010702868,ATL,2026-06-13,rule_of_thumb
28,1859.0,1.5108544617595687,2.213434645460031,0.8703487247116886,ATL,2026-06-13,rule_of_thumb
29,1824.2666666666667,1.606718732673142,2.369806340291447,0.8384898304365914,ATL,2026-06-13,rule_of_thumb
30,1832.0,1.8263708228478706,2.6474508839637116,0.7218077440508809,ATL,2026-06-13,rule_of_thumb
31,1703.3,1.9281372357958022,2.55433668358067,0.6851017846548674,ATL,2026-06-13,rule_of_thumb
32,1448.2666666666667,1.6985531792937463,2.587472049054986,0.697269835070483,ATL,2026-06-13,rule_of_thumb
33,1297.6333333333334,1.159738444603373,1.8302834957695795,0.5905419023412215,ATL,2026-06-13,rule_of_thumb
34,1228.9333333333334,1.2406868258469756,2.0870424108900645,0.5676393637692069,ATL,2026-06-13,rule_of_thumb
35,1175.9,1.3592643609085784,2.29269534831135,0.590431602986664,ATL,2026-06-13,rule_of_thumb
36,1010.2666666666667,2.3005775761706935,3.3645383827674427,0.7881473549783375,ATL,2026-06-13,rule_of_thumb
37,590.8333333333334,4.474004558155927,7.537937871169344,2.6690876049518257,ATL,2026-06-13,rule_of_thumb
38,98.96666666666667,9.177334633162632,11.717157975535393,4.693464152734637,ATL,2026-06-13,rule_of_thumb
39,0.5666666666666667,1.437302256522533,1.4814020354315434,2.588740295577802,ATL,2026-06-13,rule_of_thumb
40,0.0,0.0,0.0,0.0,ATL,2026-06-13,rule_of_thumb
41,0.0,0.0,0.0,0.0,ATL,2026-06-13,rule_of_thumb
42,0.0,0.0,0.0,0.0,ATL,2026-06-13,rule_of_thumb
43,0.0,0.0,0.0,0.0,ATL,2026-06-13,rule_of_thumb
44,0.36666666666666664,0.0,0.0,0.0,ATL,2026-06-13,rule_of_thumb
45,19.266666666666666,0.1849914103973623,1.0184193689466297,0.5995040665728518,ATL,2026-06-13,rule_of_thumb
0,330.1,0.0,0.0,0.0,ATL,2026-06-13,flat_feasible
1,528.5333333333333,0.0,0.0,0.0,ATL,2026-06-13,flat_feasible
2,781.2333333333333,0.0,0.0,0.0,ATL,2026-06-13,flat_feasible
3,1129.1,0.0,0.0,0.0,ATL,2026-06-13,flat_feasible
4,1597.7,4.361392675484989e-05,0.0,0.0,ATL,2026-06-13,flat_feasible
5,2105.8,0.002804413639068195,0.01912441887578088,0.011705931874702225,ATL,2026-06-13,flat_feasible
6,2570.633333333333,0.03822423581483832,0.203815673228202,0.04949984218253001,ATL,2026-06-13,flat_feasible
7,2860.766666666667,0.2536897633322495,0.7219362471365298,0.149976786601351,ATL,2026-06-13,flat_feasible
8,3023.766666666667,1.2998027174145728,2.0925288169004683,0.34752650814915675,ATL,2026-06-13,flat_feasible
9,2979.9666666666667,2.0983502651045387,2.8748291134452666,0.5319580820612401,ATL,2026-06-13,flat_feasible
10,3003.6666666666665,3.2579276895894664,3.932352491567656,0.6878591142025176,ATL,2026-06-13,flat_feasible
11,2809.0333333333333,3.289033072213553,3.9668337648999263,0.6957111565140619,ATL,2026-06-13,flat_feasible
12,2442.8333333333335,1.4533464476608215,2.7101128760061517,0.655588554580193,ATL,2026-06-13,flat_feasible
13,2167.4666666666667,0.033577716884452,0.15022565499882845,0.19303056336099103,ATL,2026-06-13,flat_feasible
14,1917.0333333333333,0.0007022300107878611,0.002904094436429051,0.0053883615198628,ATL,2026-06-13,flat_feasible
15,1745.4333333333334,0.0001004621321694232,0.0,0.0,ATL,2026-06-13,flat_feasible
16,1815.2666666666667,0.0001405280650597874,0.0,0.0,ATL,2026-06-13,flat_feasible
17,1862.8333333333333,0.00040825324172951127,0.001094538473738566,0.0019210093192845378,ATL,2026-06-13,flat_feasible
18,1979.6333333333334,0.0008012636299475698,0.001603002884163697,0.002805323925476952,ATL,2026-06-13,flat_feasible
19,2081.1666666666665,0.0016097975232232148,0.009803647751290686,0.008977813829573028,ATL,2026-06-13,flat_feasible
20,2058.366666666667,0.00113400915520269,0.0037796746412965283,0.0026107950867911354,ATL,2026-06-13,flat_feasible
21,2041.4666666666667,0.001188485798778959,0.006077293480485823,0.005697402762011042,ATL,2026-06-13,flat_feasible
22,1955.5,0.0007942022070792291,0.0026700096621523717,0.002862167716182684,ATL,2026-06-13,flat_feasible
23,1732.9666666666667,5.5744918098858e-05,0.0,0.0,ATL,2026-06-13,flat_feasible
24,1665.1666666666667,1.2517383281872634e-05,0.0,0.0,ATL,2026-06-13,flat_feasible
25,1715.2,6.370170157584155e-05,0.0,0.0,ATL,2026-06-13,flat_feasible
26,1801.2666666666667,0.00021377350496786212,0.0,0.0,ATL,2026-06-13,flat_feasible
27,1867.9,0.0002565225908780958,8.556311558189919e-05,0.00016770062498491458,ATL,2026-06-13,flat_feasible
28,1850.3333333333333,0.00024813248592428174,0.00031726857630815,0.0005108097691806646,ATL,2026-06-13,flat_feasible
29,1837.9333333333334,0.00012080312504075733,0.0,0.0,ATL,2026-06-13,flat_feasible
30,1822.8,0.00017875929499760256,0.0,0.0,ATL,2026-06-13,flat_feasible
31,1698.8666666666666,1.6498020909258005e-05,0.0,0.0,ATL,2026-06-13,flat_feasible
32,1459.2,2.183367527919467e-06,0.0,0.0,ATL,2026-06-13,flat_feasible
33,1292.5,5.9189503629001266e-08,0.0,0.0,ATL,2026-06-13,flat_feasible
34,1248.4666666666667,0.0,0.0,0.0,ATL,2026-06-13,flat_feasible
35,1170.4666666666667,0.0,0.0,0.0,ATL,2026-06-13,flat_feasible
36,1003.0666666666667,0.0,0.0,0.0,ATL,2026-06-13,flat_feasible
37,592.5,0.0,0.0,0.0,ATL,2026-06-13,flat_feasible
38,95.6,0.0,0.0,0.0,ATL,2026-06-13,flat_feasible
39,0.6666666666666666,0.0,0.0,0.0,ATL,2026-06-13,flat_feasible
40,0.0,0.0,0.0,0.0,ATL,2026-06-13,flat_feasible
41,0.0,0.0,0.0,0.0,ATL,2026-06-13,flat_feasible
42,0.0,0.0,0.0,0.0,ATL,2026-06-13,flat_feasible
43,0.0,0.0,0.0,0.0,ATL,2026-06-13,flat_feasible
44,0.5333333333333333,0.0,0.0,0.0,ATL,2026-06-13,flat_feasible
45,17.7,0.0,0.0,0.0,ATL,2026-06-13,flat_feasible
0,325.1666666666667,0.0,0.0,0.0,ATL,2026-06-13,peak_everywhere
1,525.6333333333333,0.0,0.0,0.0,ATL,2026-06-13,peak_everywhere
2,767.4333333333333,0.0,0.0,0.0,ATL,2026-06-13,peak_everywhere
3,1124.1333333333334,0.0,0.0,0.0,ATL,2026-06-13,peak_everywhere
4,1603.1666666666667,8.44534509908192e-06,0.0,0.0,ATL,2026-06-13,peak_everywhere
5,2108.4,0.0010802238396013023,0.00461610861015572,0.008362332872326074,ATL,2026-06-13,peak_everywhere
6,2558.6,0.018176873392855054,0.12001002551849095,0.034008031896440846,ATL,2026-06-13,peak_everywhere
7,2874.4,0.18461599376600016,0.5648840427957895,0.1441317855229901,ATL,2026-06-13,peak_everywhere
8,3017.3,0.5740554509641247,0.9844122013135956,0.24404592428000413,ATL,2026-06-13,peak_everywhere
9,2996.6666666666665,0.6591558337618934,1.156065081318149,0.25679986190793375,ATL,2026-06-13,peak_everywhere
10,2980.266666666667,0.7866726842464443,1.3127917306147943,0.3414604216701084,ATL,2026-06-13,peak_everywhere
11,2806.8333333333335,0.4388840998275635,0.9555600943210022,0.35177582468801255,ATL,2026-06-13,peak_everywhere
12,2456.366666666667,0.06525979112119958,0.2543206518461255,0.16687169258599413,ATL,2026-06-13,peak_everywhere
13,2167.1,0.0010058222498301873,0.004847088810902274,0.0055506405866275945,ATL,2026-06-13,peak_everywhere
14,1895.1666666666667,0.00013264482536869856,0.0,0.0,ATL,2026-06-13,peak_everywhere
15,1770.1,2.7922793691264087e-05,0.0,0.0,ATL,2026-06-13,peak_everywhere
16,1810.3333333333333,0.00014489785380450022,0.0,0.0,ATL,2026-06-13,peak_everywhere
17,1864.0666666666666,5.632509766610638e-05,0.0,0.0,ATL,2026-06-13,peak_everywhere
18,1972.1333333333334,0.00017757124620525224,0.0,0.0,ATL,2026-06-13,peak_everywhere
19,2066.3,0.0004198371395074753,0.00048652535073964904,0.0009439512015219414,ATL,2026-06-13,peak_everywhere
20,2037.7,0.0003430272756800511,0.00016641673255548493,0.0002273576717337154,ATL,2026-06-13,peak_everywhere
21,2055.6666666666665,0.0007659239933756854,0.004614021827873288,0.0055093457353979835,ATL,2026-06-13,peak_everywhere
22,1950.9666666666667,0.0003545947105748312,0.001165445113300236,0.0016028700792809962,ATL,2026-06-13,peak_everywhere
23,1730.7666666666667,1.8991162063496197e-05,0.0,0.0,ATL,2026-06-13,peak_everywhere
24,1674.3333333333333,2.6649641291567384e-05,0.0,0.0,ATL,2026-06-13,peak_everywhere
25,1709.6,2.734003904536809e-06,0.0,0.0,ATL,2026-06-13,peak_everywhere
26,1797.5,3.482262661512395e-05,0.0,0.0,ATL,2026-06-13,peak_everywhere
27,1880.4333333333334,5.24583925770563e-05,0.0,0.0,ATL,2026-06-13,peak_everywhere
28,1838.2,6.0621661483387537e-05,0.0,0.0,ATL,2026-06-13,peak_everywhere
29,1823.9666666666667,2.210868130084281e-05,0.0,0.0,ATL,2026-06-13,peak_everywhere
30,1823.2333333333333,3.482413128635337e-05,0.0,0.0,ATL,2026-06-13,peak_everywhere
31,1703.6666666666667,1.6479449038897184e-05,0.0,0.0,ATL,2026-06-13,peak_everywhere
32,1453.4666666666667,5.8571949164539895e-06,0.0,0.0,ATL,2026-06-13,peak_everywhere
33,1310.1333333333334,0.0,0.0,0.0,ATL,2026-06-13,peak_everywhere
34,1250.0333333333333,0.0,0.0,0.0,ATL,2026-06-13,peak_everywhere
35,1154.3,0.0,0.0,0.0,ATL,2026-06-13,peak_everywhere
36,1004.8333333333334,0.0,0.0,0.0,ATL,2026-06-13,peak_everywhere
37,597.4,0.0,0.0,0.0,ATL,2026-06-13,peak_everywhere
38,95.53333333333333,0.0,0.0,0.0,ATL,2026-06-13,peak_everywhere
39,0.43333333333333335,0.0,0.0,0.0,ATL,2026-06-13,peak_everywhere
40,0.0,0.0,0.0,0.0,ATL,2026-06-13,peak_everywhere
41,0.0,0.0,0.0,0.0,ATL,2026-06-13,peak_everywhere
42,0.0,0.0,0.0,0.0,ATL,2026-06-13,peak_everywhere
43,0.0,0.0,0.0,0.0,ATL,2026-06-13,peak_everywhere
44,0.4666666666666667,0.0,0.0,0.0,ATL,2026-06-13,peak_everywhere
45,21.033333333333335,0.0,0.0,0.0,ATL,2026-06-13,peak_everywhere
0,350.5,0.04308977366438693,0.25036217777370134,0.10226988748390407,ATL,2026-06-20,optimised
1,562.4333333333333,0.786567980739887,1.9712854404657463,0.4157117290819862,ATL,2026-06-20,optimised
2,793.1666666666666,0.04861533204408328,0.3552466403206363,0.1849707467964623,ATL,2026-06-20,optimised
3,1116.2666666666667,0.3444181535515184,1.1259804314291026,0.2379565832955705,ATL,2026-06-20,optimised
4,1519.6,0.022295198416068626,0.18023939869123246,0.08948350312212212,ATL,2026-06-20,optimised
5,2003.6333333333334,0.2673545789751503,0.7629412009601907,0.1805050703691236,ATL,2026-06-20,optimised
6,2446.733333333333,0.06826024156656522,0.32497374965090153,0.07817033747808111,ATL,2026-06-20,optimised
7,2746.133333333333,0.35062872751788277,0.8708417155735081,0.20112836849954002,ATL,2026-06-20,optimised
8,2899.8,0.5129744591123007,0.9967555554704449,0.219436480571305,ATL,2026-06-20,optimised
9,2906.7,0.4603225155118527,0.9616264539798584,0.18922764204695516,ATL,2026-06-20,optimised
10,2909.6666666666665,0.5071573186018015,1.0204837354978664,0.2148151380733086,ATL,2026-06-20,optimised
11,2746.8333333333335,0.3474218913958215,0.8166544301903769,0.2035996813932219,ATL,2026-06-20,optimised
12,2430.233333333333,0.5641388229465107,1.1494274523979646,0.21043572603031896,ATL,2026-06-20,optimised
13,2154.9,0.17890517581520535,0.563796165408997,0.20874569996501127,ATL,2026-06-20,optimised
14,1913.6666666666667,0.7528477498261449,1.3955003984407457,0.2317613934635589,ATL,2026-06-20,optimised
15,1742.4,0.3840010876849168,0.9450833903358269,0.2810229362203633,ATL,2026-06-20,optimised
16,1793.1333333333334,0.2790866078372647,0.822596576798285,0.2125856581433157,ATL,2026-06-20,optimised
17,1848.9666666666667,0.364115324080959,0.9454948934364946,0.2051074578212832,ATL,2026-06-20,optimised
18,1972.2,0.20945622776736225,0.6035107991125966,0.16085728537678412,ATL,2026-06-20,optimised
19,2083.1,0.4097300799645491,0.8915545954012634,0.2391903879998101,ATL,2026-06-20,optimised
20,2036.1,0.6945049706307175,1.2909374597779282,0.31122614518131336,ATL,2026-06-20,optimised
21,2003.8333333333333,0.7933529182897107,1.3891987892926592,0.3705910774761921,ATL,2026-06-20,optimised
22,1885.1333333333334,1.1242870815255472,1.7861625683706421,0.4718262153320844,ATL,2026-06-20,optimised
23,1685.6,0.5107840787222337,1.212204526329306,0.43140667660203563,ATL,2026-06-20,optimised
24,1635.5333333333333,0.2715618315964238,0.8220579304923976,0.2110275606285328,ATL,2026-06-20,optimised
25,1706.2,0.43630541978979004,0.9791087587726133,0.22277300539948813,ATL,2026-06-20,optimised
26,1792.4333333333334,0.3533391336424953,0.7954777653144386,0.2315323785889588,ATL,2026-06-20,optimised
27,1848.7666666666667,0.5361786941171356,1.0695700848409784,0.2558082031559745,ATL,2026-06-20,optimised
28,1837.2,1.089935075620298,1.7386739997626568,0.41305161184535705,ATL,2026-06-20,optimised
29,1827.1666666666667,1.1886039449356114,1.7634700882997405,0.4187981536211615,ATL,2026-06-20,optimised
30,1819.5,0.046776191279656244,0.3327911485615506,0.20338142350138258,ATL,2026-06-20,optimised
31,1717.9666666666667,0.00014029195907108412,3.7301968257750536e-05,7.311051435480426e-05,ATL,2026-06-20,optimised
32,1484.7333333333333,0.0008345688296061952,0.002666345189429271,0.0029930407507518337,ATL,2026-06-20,optimised
33,1330.5333333333333,0.0006115703763337926,0.0,0.0,ATL,2026-06-20,optimised
34,1244.6333333333334,0.6206839178315456,1.3612703021890715,0.36090530064388643,ATL,2026-06-20,optimised
35,1166.0666666666666,0.5551171186730459,1.1686557311332975,0.41367848218601894,ATL,2026-06-20,optimised
36,1000.2,0.8696030474034555,1.681665044699249,0.3610615943327716,ATL,2026-06-20,optimised
37,593.0,0.10305366309886958,0.4627518614824835,0.2371541279961567,ATL,2026-06-20,optimised
38,98.7,2.8838958790854488,5.056121346755122,1.1428677377218617,ATL,2026-06-20,optimised
39,0.9333333333333333,0.0,0.0,0.0,ATL,2026-06-20,optimised
40,0.0,0.0,0.0,0.0,ATL,2026-06-20,optimised
41,0.0,0.0,0.0,0.0,ATL,2026-06-20,optimised
42,0.0,0.0,0.0,0.0,ATL,2026-06-20,optimised
43,0.0,0.0,0.0,0.0,ATL,2026-06-20,optimised
44,0.4,0.02579694644476073,0.04901419824504538,0.09606606331393917,ATL,2026-06-20,optimised
45,19.333333333333332,0.27091984060874813,1.101736155812238,0.46279158575918133,ATL,2026-06-20,optimised
0,343.26666666666665,0.5620328853827254,1.862164870351663,0.41313000212953216,ATL,2026-06-20,rule_of_thumb
1,558.5666666666667,1.2290626196432253,2.623536845669131,0.5358420624417243,ATL,2026-06-20,rule_of_thumb
2,789.4666666666667,1.4186874901303446,2.539660273294642,0.5900258298991985,ATL,2026-06-20,rule_of_thumb
3,1117.1666666666667,1.3925318245693963,2.4791885440770556,0.5705976156587282,ATL,2026-06-20,rule_of_thumb
4,1530.3333333333333,0.801733518137758,1.6497646437750384,0.37450694884441904,ATL,2026-06-20,rule_of_thumb
5,2008.5666666666666,0.4722386285984666,1.100053752839808,0.2440799451599978,ATL,2026-06-20,rule_of_thumb
6,2440.866666666667,0.540569827715985,1.2413726323933794,0.21812160638158312,ATL,2026-06-20,rule_of_thumb
7,2765.4,0.6766827250456738,1.236360486208181,0.34868373684121895,ATL,2026-06-20,rule_of_thumb
8,2912.0,0.7632908182168834,1.2634525069277909,0.3752886393822693,ATL,2026-06-20,rule_of_thumb
9,2895.9,0.8093509757063096,1.3245008165645764,0.3605082691070373,ATL,2026-06-20,rule_of_thumb
10,2876.266666666667,0.8551562870449823,1.2824468817052066,0.40169393050448204,ATL,2026-06-20,rule_of_thumb
11,2743.266666666667,1.0388163309426388,1.6040234236315256,0.4468992410479941,ATL,2026-06-20,rule_of_thumb
12,2444.6,1.4823013701448615,2.0438582700564702,0.5141718686387188,ATL,2026-06-20,rule_of_thumb
13,2168.0333333333333,1.7151231610796291,2.315379932288033,0.6487110400156685,ATL,2026-06-20,rule_of_thumb
14,1900.8333333333333,2.081644731377019,2.723194295441189,0.7721142117305924,ATL,2026-06-20,rule_of_thumb
15,1756.1,2.1979610421637354,2.8244813321091997,0.8192830995240685,ATL,2026-06-20,rule_of_thumb
16,1795.0,1.958494647890444,2.5828774874090192,0.8109636223318433,ATL,2026-06-20,rule_of_thumb
17,1848.0666666666666,1.4377081201938609,2.137819467800506,0.5474235802861799,ATL,2026-06-20,rule_of_thumb
18,1959.7666666666667,1.0701048657763608,1.8030641054248044,0.4433131224650394,ATL,2026-06-20,rule_of_thumb
19,2091.7,1.0248024331900585,1.6146864570745314,0.4509766318068432,ATL,2026-06-20,rule_of_thumb
20,2023.1,1.1039538918087717,1.7377289280523227,0.423600268527964,ATL,2026-06-20,rule_of_thumb
21,2018.6,0.9946688932804219,1.4962491205432902,0.4081140862419667,ATL,2026-06-20,rule_of_thumb
22,1908.2666666666667,1.2611218144285563,2.0463166504141306,0.5399152633892107,ATL,2026-06-20,rule_of_thumb
23,1701.1666666666667,1.5335349792555617,2.2580008563746543,0.6457194740714088,ATL,2026-06-20,rule_of_thumb
24,1633.1666666666667,1.2053350900275395,1.889330298042537,0.5823169341369628,ATL,2026-06-20,rule_of_thumb
25,1713.4,0.884518262464548,1.5866529225743096,0.4754564011811967,ATL,2026-06-20,rule_of_thumb
26,1819.4333333333334,1.0270089713657737,1.7390238292356084,0.48238882506214925,ATL,2026-06-20,rule_of_thumb
27,1869.0666666666666,1.2074849541301353,1.9351748246970364,0.464848445813789,ATL,2026-06-20,rule_of_thumb
28,1841.7,1.6155685490271692,2.336386798302725,0.4602448613509054,ATL,2026-06-20,rule_of_thumb
29,1839.2,1.8975840681984792,2.57094657880125,0.5954692543698683,ATL,2026-06-20,rule_of_thumb
30,1849.7333333333333,2.2487952907125575,2.9957650647354375,0.5988352737026845,ATL,2026-06-20,rule_of_thumb
31,1741.4,2.697438397423787,3.4663913341429877,0.8083345778975253,ATL,2026-06-20,rule_of_thumb
32,1489.1333333333334,3.28597757185258,4.130753047613605,0.9324630190419296,ATL,2026-06-20,rule_of_thumb
33,1315.0,2.992626164369815,3.9164258250489348,0.981404693251546,ATL,2026-06-20,rule_of_thumb
34,1248.3,3.0895309835955156,3.9553516488288616,1.2784679841070246,ATL,2026-06-20,rule_of_thumb
35,1159.1666666666667,3.139721353041699,4.059792588536707,1.4127596122944,ATL,2026-06-20,rule_of_thumb
36,1010.9333333333333,3.678233445972606,5.280617833643236,2.138850831679719,ATL,2026-06-20,rule_of_thumb
37,597.4666666666667,9.248258946935344,17.369852236977838,11.192685344983866,ATL,2026-06-20,rule_of_thumb
38,99.4,23.18145030091048,26.86094868676763,13.884113651148192,ATL,2026-06-20,rule_of_thumb
39,0.5333333333333333,10.191337972771558,10.191337972771558,11.94364717983708,ATL,2026-06-20,rule_of_thumb
40,0.0,0.0,0.0,0.0,ATL,2026-06-20,rule_of_thumb
41,0.0,0.0,0.0,0.0,ATL,2026-06-20,rule_of_thumb
42,0.0,0.0,0.0,0.0,ATL,2026-06-20,rule_of_thumb
43,0.0,0.0,0.0,0.0,ATL,2026-06-20,rule_of_thumb
44,0.8,0.007134857125346469,0.019264114238435468,0.02691945383034314,ATL,2026-06-20,rule_of_thumb
45,18.9,0.22204543227278345,0.9793263233831985,0.4172844195155,ATL,2026-06-20,rule_of_thumb
0,349.1,0.0,0.0,0.0,ATL,2026-06-20,flat_feasible
1,551.9333333333333,0.0,0.0,0.0,ATL,2026-06-20,flat_feasible
2,790.7333333333333,0.0,0.0,0.0,ATL,2026-06-20,flat_feasible
3,1126.0666666666666,0.0,0.0,0.0,ATL,2026-06-20,flat_feasible
4,1542.5666666666666,3.2998305405750695e-05,0.0,0.0,ATL,2026-06-20,flat_feasible
5,1999.7333333333333,0.002384405669544981,0.016128901687356246,0.015309986339352773,ATL,2026-06-20,flat_feasible
6,2449.733333333333,0.06202684376325227,0.3154926068534092,0.08551050037321888,ATL,2026-06-20,flat_feasible
7,2772.233333333333,0.4131923508576957,0.9833304306172271,0.21597399548145105,ATL,2026-06-20,flat_feasible
8,2885.7,1.2787552513193483,2.0196440413071715,0.47414093020102294,ATL,2026-06-20,flat_feasible
9,2889.866666666667,2.3392296415167637,3.210643547963191,0.6020666048084701,ATL,2026-06-20,flat_feasible
10,2884.366666666667,3.6221386184870763,4.324318673448365,0.792524075222133,ATL,2026-06-20,flat_feasible
11,2730.8,3.5812874675622663,4.230842743338427,0.8158638607513917,ATL,2026-06-20,flat_feasible
12,2442.0666666666666,2.0463846883193204,3.1952497422417196,0.7811923127718139,ATL,2026-06-20,flat_feasible
13,2163.1666666666665,0.19469665294377955,0.6946800189015786,0.41653653090598747,ATL,2026-06-20,flat_feasible
14,1904.9333333333334,0.0011027137461139694,0.006320807499132558,0.0071766674744303295,ATL,2026-06-20,flat_feasible
15,1753.5333333333333,0.00015989609421108365,0.0,0.0,ATL,2026-06-20,flat_feasible
16,1795.2333333333333,0.00022169001446967565,2.3487991772790572e-05,4.6035617954645824e-05,ATL,2026-06-20,flat_feasible
17,1852.0333333333333,0.0003368459514683727,0.0005589727006281465,0.0010955663618293528,ATL,2026-06-20,flat_feasible
18,1961.9,0.0009790164044657036,0.0037799675558909448,0.003767286690307692,ATL,2026-06-20,flat_feasible
19,2074.133333333333,0.0028347898566042917,0.018532330474430207,0.011633346544687322,ATL,2026-06-20,flat_feasible
20,2020.6333333333334,0.001490201465047433,0.006944235307708853,0.007578184477195058,ATL,2026-06-20,flat_feasible
21,2018.2333333333333,0.0013720827691902917,0.005080215065574971,0.0038837626853990828,ATL,2026-06-20,flat_feasible
22,1897.7333333333333,0.00040927873379179334,0.00030697321871514305,0.00044596484443616506,ATL,2026-06-20,flat_feasible
23,1683.4,0.00019865056732775571,0.0,0.0,ATL,2026-06-20,flat_feasible
24,1644.4666666666667,6.865493775677047e-05,0.0,0.0,ATL,2026-06-20,flat_feasible
25,1715.5,0.00019377731168161963,0.0009658868862720718,0.0018931035106770514,ATL,2026-06-20,flat_feasible
26,1810.8,0.0003441013133937382,0.0007215013611895871,0.0014141166830600673,ATL,2026-06-20,flat_feasible
27,1873.5,0.0004789977681932997,0.0009381777057554538,0.001829888276263441,ATL,2026-06-20,flat_feasible
28,1832.1666666666667,0.0003582139172333672,0.00019367418595758423,0.00026539660706184203,ATL,2026-06-20,flat_feasible
29,1842.7666666666667,0.00022728473228731796,0.0,0.0,ATL,2026-06-20,flat_feasible
30,1839.9666666666667,0.0002560605344391555,0.0,0.0,ATL,2026-06-20,flat_feasible
31,1742.4333333333334,0.00017609195732491714,0.0,0.0,ATL,2026-06-20,flat_feasible
32,1474.9,2.2230185827493857e-05,0.0,0.0,ATL,2026-06-20,flat_feasible
33,1310.1666666666667,3.037130150606417e-06,0.0,0.0,ATL,2026-06-20,flat_feasible
34,1244.9333333333334,0.0,0.0,0.0,ATL,2026-06-20,flat_feasible
35,1171.4333333333334,0.0,0.0,0.0,ATL,2026-06-20,flat_feasible
36,1005.9333333333333,0.0,0.0,0.0,ATL,2026-06-20,flat_feasible
37,601.2333333333333,0.0,0.0,0.0,ATL,2026-06-20,flat_feasible
38,94.5,0.0,0.0,0.0,ATL,2026-06-20,flat_feasible
39,0.7666666666666667,0.0,0.0,0.0,ATL,2026-06-20,flat_feasible
40,0.0,0.0,0.0,0.0,ATL,2026-06-20,flat_feasible
41,0.0,0.0,0.0,0.0,ATL,2026-06-20,flat_feasible
42,0.0,0.0,0.0,0.0,ATL,2026-06-20,flat_feasible
43,0.0,0.0,0.0,0.0,ATL,2026-06-20,flat_feasible
44,0.36666666666666664,0.0,0.0,0.0,ATL,2026-06-20,flat_feasible
45,17.166666666666668,0.0,0.0,0.0,ATL,2026-06-20,flat_feasible
0,345.73333333333335,0.0,0.0,0.0,ATL,2026-06-20,peak_everywhere
1,553.8333333333334,0.0,0.0,0.0,ATL,2026-06-20,peak_everywhere
2,799.7,0.0,0.0,0.0,ATL,2026-06-20,peak_everywhere
3,1110.8333333333333,0.0,0.0,0.0,ATL,2026-06-20,peak_everywhere
4,1522.1666666666667,6.136521942150517e-07,0.0,0.0,ATL,2026-06-20,peak_everywhere
5,1999.3333333333333,0.0006555075457581417,0.00021549286215607105,0.0003946323071796687,ATL,2026-06-20,peak_everywhere
6,2451.1,0.015651579955755564,0.10617265004894069,0.0518778197674349,ATL,2026-06-20,peak_everywhere
7,2757.9,0.11274262011388458,0.45346424335539626,0.1044314183792161,ATL,2026-06-20,peak_everywhere
8,2902.3333333333335,0.4125990976919393,0.9082368979221532,0.14118993779959757,ATL,2026-06-20,peak_everywhere
9,2887.1,0.5521810417842846,1.1517506284671686,0.25706626081547057,ATL,2026-06-20,peak_everywhere
10,2891.0666666666666,0.7011353749191405,1.2386593072690317,0.27538054186818,ATL,2026-06-20,peak_everywhere
11,2743.4333333333334,0.310259691853408,0.7514450287275614,0.23757743682807675,ATL,2026-06-20,peak_everywhere
12,2432.8333333333335,0.019054002728465778,0.13020865932546763,0.044388684513572176,ATL,2026-06-20,peak_everywhere
13,2158.733333333333,0.003921093046547325,0.022457555655798257,0.03062258683105847,ATL,2026-06-20,peak_everywhere
14,1889.2666666666667,0.0003322177480966209,0.0004763637164294691,0.0009336557279625122,ATL,2026-06-20,peak_everywhere
15,1732.1,0.0001500039411253206,0.0,0.0,ATL,2026-06-20,peak_everywhere
16,1808.8,0.00011828856053669129,0.0,0.0,ATL,2026-06-20,peak_everywhere
17,1862.5,0.00014748601181306355,0.0,0.0,ATL,2026-06-20,peak_everywhere
18,1975.5333333333333,0.0002063321424299223,0.0,0.0,ATL,2026-06-20,peak_everywhere
19,2081.6,0.0008766411424084039,0.002196964867956122,0.0017639546526060962,ATL,2026-06-20,peak_everywhere
20,2028.1333333333334,0.0007227298939120551,0.0004970677673403118,0.0005473747052276276,ATL,2026-06-20,peak_everywhere
21,2013.0,0.0004285193856225766,0.0006566015921608421,0.000893916969342893,ATL,2026-06-20,peak_everywhere
22,1898.8666666666666,0.0002335145686693532,0.0,0.0,ATL,2026-06-20,peak_everywhere
23,1703.6333333333334,5.088653370372875e-05,0.0,0.0,ATL,2026-06-20,peak_everywhere
24,1656.8666666666666,2.6687614650647356e-05,0.0,0.0,ATL,2026-06-20,peak_everywhere
25,1709.2666666666667,1.7490707321952975e-05,0.0,0.0,ATL,2026-06-20,peak_everywhere
26,1800.6666666666667,7.852365367270297e-05,0.0,0.0,ATL,2026-06-20,peak_everywhere
27,1861.4,0.0001106770902530201,0.0,0.0,ATL,2026-06-20,peak_everywhere
28,1826.6666666666667,8.478148370987863e-05,0.0,0.0,ATL,2026-06-20,peak_everywhere
29,1835.6666666666667,0.00011082917096290471,0.0,0.0,ATL,2026-06-20,peak_everywhere
30,1838.6666666666667,0.00015191391383558825,7.585565882285057e-05,0.0001486743593512346,ATL,2026-06-20,peak_everywhere
31,1725.6,5.175019164698726e-05,0.0,0.0,ATL,2026-06-20,peak_everywhere
32,1487.0,1.9051002923875165e-06,0.0,0.0,ATL,2026-06-20,peak_everywhere
33,1321.8666666666666,0.0,0.0,0.0,ATL,2026-06-20,peak_everywhere
34,1245.3333333333333,0.0,0.0,0.0,ATL,2026-06-20,peak_everywhere
35,1168.5666666666666,0.0,0.0,0.0,ATL,2026-06-20,peak_everywhere
36,1005.8,0.0,0.0,0.0,ATL,2026-06-20,peak_everywhere
37,594.6666666666666,0.0,0.0,0.0,ATL,2026-06-20,peak_everywhere
38,96.36666666666666,0.0,0.0,0.0,ATL,2026-06-20,peak_everywhere
39,0.6333333333333333,0.0,0.0,0.0,ATL,2026-06-20,peak_everywhere
40,0.0,0.0,0.0,0.0,ATL,2026-06-20,peak_everywhere
41,0.0,0.0,0.0,0.0,ATL,2026-06-20,peak_everywhere
42,0.0,0.0,0.0,0.0,ATL,2026-06-20,peak_everywhere
43,0.0,0.0,0.0,0.0,ATL,2026-06-20,peak_everywhere
44,0.36666666666666664,0.0,0.0,0.0,ATL,2026-06-20,peak_everywhere
45,19.866666666666667,0.0,0.0,0.0,ATL,2026-06-20,peak_everywhere
0,386.8333333333333,0.01254557519956286,0.10103634571388782,0.04771309032489658,ATL,2026-06-26,optimised
1,646.9,0.32683095617007296,1.0981446846918825,0.2694994073315451,ATL,2026-06-26,optimised
2,1041.2666666666667,0.007394176547170492,0.049871073967604616,0.03951436976038348,ATL,2026-06-26,optimised
3,1615.3333333333333,0.3414032290714845,1.1401865033243557,0.17542504146198487,ATL,2026-06-26,optimised
4,2243.0,0.0262770020478958,0.17784525479245614,0.07099692765693466,ATL,2026-06-26,optimised
5,2792.5666666666666,0.3011039432029545,0.8434047924809606,0.1785564619965674,ATL,2026-06-26,optimised
6,3128.7,0.4943794741871646,1.03242383662899,0.2146550258095051,ATL,2026-06-26,optimised
7,3156.6666666666665,0.7445941282261017,1.193323986877774,0.2858062328553864,ATL,2026-06-26,optimised
8,3237.5,0.7103424619048853,1.2295283514745203,0.30647193379254434,ATL,2026-06-26,optimised
9,3246.8,0.8266551681283298,1.4221405748075246,0.33824052218601086,ATL,2026-06-26,optimised
10,3247.3333333333335,1.1768934162356581,1.7294575869551705,0.3586612270566488,ATL,2026-06-26,optimised
11,3014.233333333333,0.693526021094054,1.2018437083135334,0.34999217800341204,ATL,2026-06-26,optimised
12,2701.5333333333333,0.7817503603580448,1.3217458458257378,0.23886442169576394,ATL,2026-06-26,optimised
13,2500.233333333333,0.3591804375788107,0.8084203483117319,0.254239027866254,ATL,2026-06-26,optimised
14,2273.866666666667,0.19671054430728002,0.5813592311738918,0.14197180780615148,ATL,2026-06-26,optimised
15,2109.3333333333335,0.029806037746033708,0.17017135728920812,0.04332318911821059,ATL,2026-06-26,optimised
16,2133.733333333333,0.22588512779127112,0.6603015272834641,0.16091594763717995,ATL,2026-06-26,optimised
17,2170.6,0.49854757431205965,1.1066817041417487,0.190415524719969,ATL,2026-06-26,optimised
18,2361.133333333333,0.2390487136968912,0.7432564801130805,0.17287926157095926,ATL,2026-06-26,optimised
19,2508.6,0.4433474568583877,0.9245120579453944,0.18937212005371298,ATL,2026-06-26,optimised
20,2499.6666666666665,0.4994014020579535,1.0232379549305202,0.24992446478693167,ATL,2026-06-26,optimised
21,2529.6666666666665,0.852552539963013,1.4632589851210382,0.3253464721149531,ATL,2026-06-26,optimised
22,2424.6666666666665,0.8937203540711792,1.5010926693798068,0.33517555139725513,ATL,2026-06-26,optimised
23,2249.0333333333333,0.2337547698432872,0.6451678436559545,0.19422932756077294,ATL,2026-06-26,optimised
24,2252.5333333333333,0.2683862912598603,0.7313638647136804,0.16732062805267353,ATL,2026-06-26,optimised
25,2142.366666666667,0.23975290479649322,0.6212474007402027,0.16885144218022127,ATL,2026-06-26,optimised
26,2035.3666666666666,0.07859770167785247,0.34060679093363555,0.08166904857373743,ATL,2026-06-26,optimised
27,1997.5,0.04532710778122593,0.20898042301246592,0.05875249815191539,ATL,2026-06-26,optimised
28,1954.5,0.17590481444423925,0.5481785418337775,0.08450701236646484,ATL,2026-06-26,optimised
29,2030.9333333333334,0.3943562633677277,1.0010029310666204,0.17555359966321712,ATL,2026-06-26,optimised
30,2130.6666666666665,0.009741412402907665,0.06036926073023281,0.05166601210648177,ATL,2026-06-26,optimised
31,2104.0,0.00013191547245191814,0.0,0.0,ATL,2026-06-26,optimised
32,1913.1666666666667,0.00026217991271027674,0.0001460529938166595,0.00028625860778208053,ATL,2026-06-26,optimised
33,1812.5666666666666,0.00039276189986522453,0.0,0.0,ATL,2026-06-26,optimised
34,1679.6666666666667,0.38097451076214506,0.9304672767992545,0.20965073279606378,ATL,2026-06-26,optimised
35,1533.2666666666667,0.18397037808095265,0.6534221263257681,0.21585451491831073,ATL,2026-06-26,optimised
36,1283.4333333333334,0.5876593725774358,1.2719157577414264,0.3007231667553221,ATL,2026-06-26,optimised
37,794.6333333333333,0.04053465135797403,0.20791050270101205,0.12127974072755045,ATL,2026-06-26,optimised
38,189.13333333333333,3.6041785948118905,6.058062971364816,0.9181680285481,ATL,2026-06-26,optimised
39,8.366666666666667,0.01620054045388754,0.08276496931183144,0.11235183660072873,ATL,2026-06-26,optimised
40,0.0,0.0,0.0,0.0,ATL,2026-06-26,optimised
41,0.0,0.0,0.0,0.0,ATL,2026-06-26,optimised
42,0.0,0.0,0.0,0.0,ATL,2026-06-26,optimised
43,0.0,0.0,0.0,0.0,ATL,2026-06-26,optimised
44,0.5,0.038909628950557364,0.07392829500605898,0.1448967956843309,ATL,2026-06-26,optimised
45,20.833333333333332,0.3187573159675568,1.2220330682994525,0.4757251911493052,ATL,2026-06-26,optimised
0,382.6333333333333,0.7747050242934073,2.1062700250444064,0.4214573310396943,ATL,2026-06-26,rule_of_thumb
1,645.7666666666667,0.5487692203344195,1.3776899447258935,0.3715820097038223,ATL,2026-06-26,rule_of_thumb
2,1045.4333333333334,0.49457041656364464,1.3725146904442307,0.2869536207419775,ATL,2026-06-26,rule_of_thumb
3,1605.7333333333333,0.4322852717576228,1.19981158083469,0.17664082208523482,ATL,2026-06-26,rule_of_thumb
4,2242.9666666666667,0.4606121920893906,1.1550812884557646,0.16309842813382505,ATL,2026-06-26,rule_of_thumb
5,2803.0666666666666,0.732150071104647,1.3569515428968097,0.2623654619502632,ATL,2026-06-26,rule_of_thumb
6,3145.4666666666667,1.0962395024113625,1.7706087540876099,0.348807646193018,ATL,2026-06-26,rule_of_thumb
7,3179.133333333333,1.234848335045086,1.7868229487408576,0.3938791027079502,ATL,2026-06-26,rule_of_thumb
8,3217.7,1.1947135116874663,1.7513275049841408,0.46272419122495373,ATL,2026-06-26,rule_of_thumb
9,3251.133333333333,1.180261683280353,1.7503842355912522,0.4428016694622273,ATL,2026-06-26,rule_of_thumb
10,3250.8,1.5630179042396897,2.135659591441517,0.5663386098951939,ATL,2026-06-26,rule_of_thumb
11,3031.9333333333334,1.929574724531674,2.6466131398101096,0.5927926198847504,ATL,2026-06-26,rule_of_thumb
12,2708.2,2.2269323653127766,2.806649872248685,0.6287012414793145,ATL,2026-06-26,rule_of_thumb
13,2495.7,2.03383836832125,2.673518482785033,0.7802779753610412,ATL,2026-06-26,rule_of_thumb
14,2277.7,1.9435792199447792,2.6527659582211602,0.7877169611597974,ATL,2026-06-26,rule_of_thumb
15,2102.8333333333335,1.3795472820016221,1.996842443155107,0.7209243875118287,ATL,2026-06-26,rule_of_thumb
16,2122.9,1.2692251122707745,1.8044141537186653,0.5311485947122838,ATL,2026-06-26,rule_of_thumb
17,2170.0333333333333,1.0995452232192724,1.7011927725150002,0.4610309401841248,ATL,2026-06-26,rule_of_thumb
18,2343.9333333333334,0.9638396533542135,1.6052388206651131,0.38323377017259097,ATL,2026-06-26,rule_of_thumb
19,2523.733333333333,0.9713994980425329,1.507824915626789,0.36427944070057877,ATL,2026-06-26,rule_of_thumb
20,2512.766666666667,1.0424702924521487,1.7269561205354782,0.3799203623856472,ATL,2026-06-26,rule_of_thumb
21,2544.0,1.0625479919413428,1.6665300807786814,0.3146938947216878,ATL,2026-06-26,rule_of_thumb
22,2425.233333333333,1.415465898658435,2.091358655908411,0.3868829470676393,ATL,2026-06-26,rule_of_thumb
23,2252.1,1.2516299266257713,1.8487005828569751,0.46629910845203576,ATL,2026-06-26,rule_of_thumb
24,2266.0,0.8702990756772625,1.4349009428793096,0.4001792359414975,ATL,2026-06-26,rule_of_thumb
25,2129.1666666666665,1.1246303208063515,1.692312826412416,0.4981588764184377,ATL,2026-06-26,rule_of_thumb
26,2043.8,1.0156506119080602,1.6250811255951025,0.49874009107778566,ATL,2026-06-26,rule_of_thumb
27,2015.5,1.2184504890905872,1.9757562231553714,0.4570945920830296,ATL,2026-06-26,rule_of_thumb
28,1960.1,1.2920787865886942,1.9463707016113128,0.49086815053178795,ATL,2026-06-26,rule_of_thumb
29,2041.3333333333333,0.9838331199887734,1.74638720047318,0.3825359531208669,ATL,2026-06-26,rule_of_thumb
30,2145.2,1.218093581091768,1.8390452534636974,0.3800777182225754,ATL,2026-06-26,rule_of_thumb
31,2088.4666666666667,1.1849030531242586,1.8417340477524498,0.5203618538400593,ATL,2026-06-26,rule_of_thumb
32,1898.2666666666667,1.3581218271043012,2.0179573866496896,0.5904387474895408,ATL,2026-06-26,rule_of_thumb
33,1781.7666666666667,1.2781739974279316,2.0187737028223296,0.6272360851645619,ATL,2026-06-26,rule_of_thumb
34,1684.7,1.7065255635455232,2.4409399011072908,0.6786793532435992,ATL,2026-06-26,rule_of_thumb
35,1521.5666666666666,1.7327702135151763,2.6099315202082827,0.6696039839385619,ATL,2026-06-26,rule_of_thumb
36,1290.0333333333333,1.6841357331072078,2.6973424021912846,1.1331482477132324,ATL,2026-06-26,rule_of_thumb
37,805.0,5.778185621969582,12.329905357340323,7.814520608876644,ATL,2026-06-26,rule_of_thumb
38,187.93333333333334,18.391022964299776,23.530608889718845,13.034804951194005,ATL,2026-06-26,rule_of_thumb
39,8.566666666666666,16.577564023176343,18.365472334435278,13.55004926202528,ATL,2026-06-26,rule_of_thumb
40,0.0,0.0,0.0,0.0,ATL,2026-06-26,rule_of_thumb
41,0.0,0.0,0.0,0.0,ATL,2026-06-26,rule_of_thumb
42,0.0,0.0,0.0,0.0,ATL,2026-06-26,rule_of_thumb
43,0.0,0.0,0.0,0.0,ATL,2026-06-26,rule_of_thumb
44,0.6,0.0,0.0,0.0,ATL,2026-06-26,rule_of_thumb
45,22.266666666666666,0.34272250599502035,1.3222435406228112,0.7313245761334778,ATL,2026-06-26,rule_of_thumb
0,384.3,0.0,0.0,0.0,ATL,2026-06-26,flat_feasible
1,644.2666666666667,0.0,0.0,0.0,ATL,2026-06-26,flat_feasible
2,1034.7666666666667,0.0,0.0,0.0,ATL,2026-06-26,flat_feasible
3,1613.0333333333333,2.6485809589082048e-05,0.0,0.0,ATL,2026-06-26,flat_feasible
4,2258.4333333333334,0.001584331390902012,0.007291298888046258,0.007083586901259808,ATL,2026-06-26,flat_feasible
5,2806.2,0.07597358948508408,0.33951343434950765,0.07914877559553282,ATL,2026-06-26,flat_feasible
6,3120.6666666666665,0.5873920096611028,1.1876660938030004,0.27445128460817586,ATL,2026-06-26,flat_feasible
7,3194.8333333333335,1.382484735986498,2.0706562025888804,0.4149540473160869,ATL,2026-06-26,flat_feasible
8,3244.4333333333334,2.5505648284782434,3.378583779656879,0.5583534181360624,ATL,2026-06-26,flat_feasible
9,3250.2,3.808342508425291,4.7328497092706225,0.7559210610760146,ATL,2026-06-26,flat_feasible
10,3253.4,5.490347001561711,6.187571653131131,0.8369376801779027,ATL,2026-06-26,flat_feasible
11,3003.2,5.664437512218399,6.34162604564358,0.8370709451265405,ATL,2026-06-26,flat_feasible
12,2707.633333333333,3.341900518438493,4.818287184593389,0.9019521901282943,ATL,2026-06-26,flat_feasible
13,2491.233333333333,0.6752534241824221,1.5218441625000343,0.7171038503475669,ATL,2026-06-26,flat_feasible
14,2269.0,0.012663111302566752,0.07889354126205543,0.13915736067527346,ATL,2026-06-26,flat_feasible
15,2095.266666666667,0.0005651330030775624,0.004241181529213041,0.008312563051104786,ATL,2026-06-26,flat_feasible
16,2134.5,0.00044601733478208427,0.0009084600652543395,0.0015738341790795503,ATL,2026-06-26,flat_feasible
17,2166.733333333333,0.0008421732980073176,0.00250500622368803,0.0022213567009671253,ATL,2026-06-26,flat_feasible
18,2348.366666666667,0.002516919191413836,0.016854145924104932,0.014363731535878301,ATL,2026-06-26,flat_feasible
19,2523.1,0.012332881873015195,0.07943652408510102,0.04998094324694614,ATL,2026-06-26,flat_feasible
20,2497.8,0.00616186007673541,0.04413363790915616,0.018705262746132798,ATL,2026-06-26,flat_feasible
21,2530.766666666667,0.007465244207662698,0.051161217523716676,0.018937882558916923,ATL,2026-06-26,flat_feasible
22,2436.9333333333334,0.006019210791271396,0.04313276441233445,0.016154116567484497,ATL,2026-06-26,flat_feasible
23,2247.1,0.0007688907829457066,0.002607121410630193,0.0034818726150715865,ATL,2026-06-26,flat_feasible
24,2246.0666666666666,0.0010316793452883925,0.004748800032357575,0.0081090953299779,ATL,2026-06-26,flat_feasible
25,2147.5,0.0006145813333734596,0.002270609801372516,0.0028347374679350812,ATL,2026-06-26,flat_feasible
26,2048.266666666667,0.00023662121721884278,0.0,0.0,ATL,2026-06-26,flat_feasible
27,2001.0,5.36417047837978e-05,0.0,0.0,ATL,2026-06-26,flat_feasible
28,1943.8,0.00017350475069871708,0.0,0.0,ATL,2026-06-26,flat_feasible
29,2047.8666666666666,0.00017707716940713905,0.0,0.0,ATL,2026-06-26,flat_feasible
30,2134.2,0.00040515501947902146,0.00020681147953533694,0.00036681086722249956,ATL,2026-06-26,flat_feasible
31,2104.3333333333335,0.00020340828771575598,0.0,0.0,ATL,2026-06-26,flat_feasible
32,1883.2333333333333,3.9217146688264455e-05,0.0,0.0,ATL,2026-06-26,flat_feasible
33,1774.6333333333334,1.2127247692835785e-05,0.0,0.0,ATL,2026-06-26,flat_feasible
34,1690.6666666666667,1.0372878302198589e-05,0.0,0.0,ATL,2026-06-26,flat_feasible
35,1522.4666666666667,0.0,0.0,0.0,ATL,2026-06-26,flat_feasible
36,1296.6333333333334,0.0,0.0,0.0,ATL,2026-06-26,flat_feasible
37,802.6666666666666,0.0,0.0,0.0,ATL,2026-06-26,flat_feasible
38,189.5,0.0,0.0,0.0,ATL,2026-06-26,flat_feasible
39,8.233333333333333,0.0,0.0,0.0,ATL,2026-06-26,flat_feasible
40,0.0,0.0,0.0,0.0,ATL,2026-06-26,flat_feasible
41,0.0,0.0,0.0,0.0,ATL,2026-06-26,flat_feasible
42,0.0,0.0,0.0,0.0,ATL,2026-06-26,flat_feasible
43,0.0,0.0,0.0,0.0,ATL,2026-06-26,flat_feasible
44,0.9,0.0,0.0,0.0,ATL,2026-06-26,flat_feasible
45,20.7,0.0,0.0,0.0,ATL,2026-06-26,flat_feasible
0,386.0,0.0,0.0,0.0,ATL,2026-06-26,peak_everywhere
1,654.0666666666667,0.0,0.0,0.0,ATL,2026-06-26,peak_everywhere
2,1044.3333333333333,0.0,0.0,0.0,ATL,2026-06-26,peak_everywhere
3,1620.4,2.5431524063434443e-06,0.0,0.0,ATL,2026-06-26,peak_everywhere
4,2245.133333333333,0.0006830775501171428,0.0014615575826167871,0.0020264696998977105,ATL,2026-06-26,peak_everywhere
5,2793.766666666667,0.02449056133116987,0.15361876886993053,0.047873470979347875,ATL,2026-06-26,peak_everywhere
6,3118.0666666666666,0.1604047364227053,0.4602545575635965,0.11789725671415334,ATL,2026-06-26,peak_everywhere
7,3144.9,0.250588193292602,0.6473070107938838,0.16177147261249045,ATL,2026-06-26,peak_everywhere
8,3228.0333333333333,0.5804092181630587,1.0823432147707435,0.29277488147142205,ATL,2026-06-26,peak_everywhere
9,3249.366666666667,0.7421634854123494,1.3330314903755938,0.24380031181702486,ATL,2026-06-26,peak_everywhere
10,3247.0666666666666,1.0304530198930282,1.5443673531810724,0.30693338023490435,ATL,2026-06-26,peak_everywhere
11,3010.8333333333335,0.4091010586348,0.8832168126102445,0.28674003862309916,ATL,2026-06-26,peak_everywhere
12,2704.733333333333,0.027600737282877805,0.1652553885488369,0.11857131881946935,ATL,2026-06-26,peak_everywhere
13,2496.133333333333,0.0031021678559239397,0.01940830045298789,0.01798537179815422,ATL,2026-06-26,peak_everywhere
14,2264.5,0.0006387697692402046,0.002799136202724143,0.003516129257540769,ATL,2026-06-26,peak_everywhere
15,2109.3333333333335,2.542081269056778e-05,0.0,0.0,ATL,2026-06-26,peak_everywhere
16,2146.1666666666665,0.0002473169363325607,3.906410462794304e-05,7.656423817704018e-05,ATL,2026-06-26,peak_everywhere
17,2172.9333333333334,0.00013196891424504064,0.0,0.0,ATL,2026-06-26,peak_everywhere
18,2356.3,0.000995257372677641,0.005341726972596155,0.005453059701026988,ATL,2026-06-26,peak_everywhere
19,2513.0666666666666,0.0026322130950274802,0.017699007114603264,0.010710108166208576,ATL,2026-06-26,peak_everywhere
20,2527.5333333333333,0.002688600155870079,0.017796529370446765,0.008322062139291198,ATL,2026-06-26,peak_everywhere
21,2522.6,0.0028280669885181746,0.017262480334530688,0.008579383565913834,ATL,2026-06-26,peak_everywhere
22,2405.5333333333333,0.0011580041825752605,0.0054464416678738714,0.005101781755504565,ATL,2026-06-26,peak_everywhere
23,2240.4333333333334,0.0004711003966148367,0.0016974364826679263,0.003326914372854212,ATL,2026-06-26,peak_everywhere
24,2241.266666666667,0.0005231648870092575,0.0017456208220949013,0.0024336878801683517,ATL,2026-06-26,peak_everywhere
25,2149.9,0.00026566151659641017,0.0,0.0,ATL,2026-06-26,peak_everywhere
26,2049.0,0.00011810578410244033,9.65354585720964e-05,0.00018920602207676848,ATL,2026-06-26,peak_everywhere
27,1989.7666666666667,2.9076894115698026e-05,0.0,0.0,ATL,2026-06-26,peak_everywhere
28,1945.0,1.6003722303766436e-05,0.0,0.0,ATL,2026-06-26,peak_everywhere
29,2043.0,3.901330492858599e-05,0.0,0.0,ATL,2026-06-26,peak_everywhere
30,2146.633333333333,0.00012759145593004074,0.0,0.0,ATL,2026-06-26,peak_everywhere
31,2084.6,7.60025117336926e-05,0.0,0.0,ATL,2026-06-26,peak_everywhere
32,1901.9,1.6784639960602917e-05,0.0,0.0,ATL,2026-06-26,peak_everywhere
33,1803.7333333333333,1.356362617189061e-06,0.0,0.0,ATL,2026-06-26,peak_everywhere
34,1676.4333333333334,0.0,0.0,0.0,ATL,2026-06-26,peak_everywhere
35,1541.4333333333334,0.0,0.0,0.0,ATL,2026-06-26,peak_everywhere
36,1295.2333333333333,0.0,0.0,0.0,ATL,2026-06-26,peak_everywhere
37,789.1666666666666,0.0,0.0,0.0,ATL,2026-06-26,peak_everywhere
38,190.7,0.0,0.0,0.0,ATL,2026-06-26,peak_everywhere
39,8.433333333333334,0.0,0.0,0.0,ATL,2026-06-26,peak_everywhere
40,0.0,0.0,0.0,0.0,ATL,2026-06-26,peak_everywhere
41,0.0,0.0,0.0,0.0,ATL,2026-06-26,peak_everywhere
42,0.0,0.0,0.0,0.0,ATL,2026-06-26,peak_everywhere
43,0.0,0.0,0.0,0.0,ATL,2026-06-26,peak_everywhere
44,0.3,0.0,0.0,0.0,ATL,2026-06-26,peak_everywhere
45,20.9,0.0,0.0,0.0,ATL,2026-06-26,peak_everywhere
0,420.23333333333335,0.020966507304843226,0.14114537421222942,0.0487670462432403,BNA,2026-06-07,optimised
1,696.2333333333333,0.6501506051093215,1.862594430056378,0.27032418351150256,BNA,2026-06-07,optimised
2,955.5,0.2351107697427736,1.000601358177055,0.19796375552398307,BNA,2026-06-07,optimised
3,1129.7333333333333,1.073113756367192,2.096714613647772,0.34425688414621275,BNA,2026-06-07,optimised
4,1286.4333333333334,0.26565245035445195,1.0275589583792655,0.2622562021149272,BNA,2026-06-07,optimised
5,1457.2333333333333,0.420873854344008,0.9970225182477511,0.21868022762415135,BNA,2026-06-07,optimised
6,1491.5333333333333,0.9654816030488288,1.717929819525356,0.3534942974871792,BNA,2026-06-07,optimised
7,1364.4333333333334,0.660671848714376,1.3850844700106877,0.29530209188550527,BNA,2026-06-07,optimised
8,1166.0333333333333,0.5792541661182894,1.2420442176584658,0.3785022026172334,BNA,2026-06-07,optimised
9,986.7666666666667,0.1966699758192377,0.6943165773937703,0.21490187428224833,BNA,2026-06-07,optimised
10,1045.3333333333333,0.14318197373541872,0.5510630980434279,0.13400636072337627,BNA,2026-06-07,optimised
11,1175.3,0.6302559969137135,1.4824894666760684,0.2959476886290459,BNA,2026-06-07,optimised
12,1164.6333333333334,1.304960278903646,2.1028737845585725,0.46211105188633717,BNA,2026-06-07,optimised
13,997.8333333333334,0.5179525915065819,1.3006751402876084,0.5041587026861273,BNA,2026-06-07,optimised
14,949.4,0.0250766472685641,0.15594828273890027,0.06061421584989198,BNA,2026-06-07,optimised
15,901.5,0.022004265519771936,0.1499310151498246,0.06074414803547231,BNA,2026-06-07,optimised
16,928.6666666666666,0.25134192443214803,0.8294174093371199,0.21363987552052527,BNA,2026-06-07,optimised
17,974.2666666666667,0.4375676479854896,1.0423003651330054,0.28772506490153266,BNA,2026-06-07,optimised
18,944.7666666666667,1.1160599081143,1.9463218961393223,0.4514593708205114,BNA,2026-06-07,optimised
19,892.1,1.2663031137083476,2.225290183928004,0.5514076770413685,BNA,2026-06-07,optimised
20,820.5333333333333,1.0244705901967646,1.827543922510354,0.5725591847817219,BNA,2026-06-07,optimised
21,780.8666666666667,0.6067267255789286,1.4028098696288482,0.35268984187220703,BNA,2026-06-07,optimised
22,751.7,0.6037034552030166,1.3559231601106279,0.39403481485984326,BNA,2026-06-07,optimised
23,787.9666666666667,0.8514765352920026,1.761795531789961,0.34712167399152677,BNA,2026-06-07,optimised
24,844.4666666666667,0.8120761961526207,1.7068549833644553,0.2982052417945709,BNA,2026-06-07,optimised
25,845.4333333333333,1.0909660869529882,2.0214552908808594,0.5056206759841366,BNA,2026-06-07,optimised
26,838.5666666666667,0.15997969781394042,0.7440636629094435,0.39002299925942036,BNA,2026-06-07,optimised
27,853.1666666666666,0.038009524577015195,0.23367005554214976,0.06791012852603928,BNA,2026-06-07,optimised
28,846.3666666666667,0.6642785871929789,1.4268701563466737,0.33510856090222446,BNA,2026-06-07,optimised
29,837.2666666666667,0.8774866274839347,1.639039709181239,0.43132740861143515,BNA,2026-06-07,optimised
30,757.6333333333333,0.07185973819745463,0.3369576211625614,0.2591619219710242,BNA,2026-06-07,optimised
31,641.5666666666667,0.001049705881038278,0.002222313594426531,0.00284545282545333,BNA,2026-06-07,optimised
32,564.0,0.001959104142642135,0.00953662885865318,0.008107183669708277,BNA,2026-06-07,optimised
33,477.1666666666667,0.0009361971770046793,0.0,0.0,BNA,2026-06-07,optimised
34,397.3666666666667,0.3565937309810395,1.114075066743336,0.2974699942277187,BNA,2026-06-07,optimised
35,361.1,0.249243733623222,0.8364218545877242,0.3754790881964641,BNA,2026-06-07,optimised
36,332.23333333333335,0.6340295788713293,1.5026475627250813,0.4837114480063122,BNA,2026-06-07,optimised
37,272.93333333333334,0.26254160077361094,0.9149901389815928,0.2698342024451336,BNA,2026-06-07,optimised
38,113.43333333333334,2.007731560948406,4.114147916455725,1.2599098317632498,BNA,2026-06-07,optimised
39,4.166666666666667,0.4500091946602773,0.5396411272972561,0.6614425647586967,BNA,2026-06-07,optimised
40,0.0,0.0,0.0,0.0,BNA,2026-06-07,optimised
41,0.0,0.0,0.0,0.0,BNA,2026-06-07,optimised
42,0.0,0.0,0.0,0.0,BNA,2026-06-07,optimised
43,0.0,0.0,0.0,0.0,BNA,2026-06-07,optimised
44,0.0,0.0,0.0,0.0,BNA,2026-06-07,optimised
45,1.0333333333333334,0.008105597613803184,0.01307919278563986,0.02563474681272596,BNA,2026-06-07,optimised
0,411.06666666666666,0.42479340054019527,1.3251955595009286,0.29718364778857853,BNA,2026-06-07,rule_of_thumb
1,700.6666666666666,0.8200087295708561,1.920810153888124,0.3117863329546748,BNA,2026-06-07,rule_of_thumb
2,956.2,1.325207934035574,2.2997971089711635,0.4816310863220247,BNA,2026-06-07,rule_of_thumb
3,1110.5666666666666,1.6429509311513832,2.57191926477555,0.596822022289948,BNA,2026-06-07,rule_of_thumb
4,1284.1333333333334,0.7064568810982175,1.6081381993529205,0.4403488056699582,BNA,2026-06-07,rule_of_thumb
5,1469.0666666666666,0.5446608227783006,1.2602991907316217,0.38651277053844396,BNA,2026-06-07,rule_of_thumb
6,1484.2333333333333,1.0223474187421777,1.847827336317643,0.42163273995338246,BNA,2026-06-07,rule_of_thumb
7,1354.5333333333333,1.7952471080775358,2.6556305319820503,0.5685221300564175,BNA,2026-06-07,rule_of_thumb
8,1174.0333333333333,2.2073529248774717,2.9911988861954626,0.5963586345815014,BNA,2026-06-07,rule_of_thumb
9,985.7333333333333,2.021373448131734,2.971362212448709,0.7418072894861137,BNA,2026-06-07,rule_of_thumb
10,1038.1,1.12748472033572,2.0073508063114516,0.6215769941203783,BNA,2026-06-07,rule_of_thumb
11,1178.2,1.251905636720494,2.0567740733208044,0.5457776989866151,BNA,2026-06-07,rule_of_thumb
12,1167.3333333333333,1.536617161678271,2.428524320993604,0.5990775191982884,BNA,2026-06-07,rule_of_thumb
13,997.9333333333333,1.5754568962006956,2.520472578631545,0.695689285064072,BNA,2026-06-07,rule_of_thumb
14,950.8666666666667,1.6966959199378928,2.637282124306194,0.6354067563499551,BNA,2026-06-07,rule_of_thumb
15,912.3666666666667,1.5548169783655985,2.4167484252539118,0.7088186477446214,BNA,2026-06-07,rule_of_thumb
16,916.9666666666667,1.5347174569438915,2.517481964222596,0.7214936874973474,BNA,2026-06-07,rule_of_thumb
17,970.1333333333333,1.317153955487997,2.3064906963327023,0.6881478583155248,BNA,2026-06-07,rule_of_thumb
18,960.7333333333333,1.875140836673841,2.836704101564958,0.8355083419500009,BNA,2026-06-07,rule_of_thumb
19,884.9666666666667,1.699563913064487,2.620798825226586,0.8440028334366745,BNA,2026-06-07,rule_of_thumb
20,821.1,1.2450068767696107,2.1578035358004177,0.7833807189604901,BNA,2026-06-07,rule_of_thumb
21,789.9666666666667,1.4810880474509363,2.6099026040052857,0.6810553956499412,BNA,2026-06-07,rule_of_thumb
22,751.2,1.5203664632608296,2.5950670233013873,0.8195767925090847,BNA,2026-06-07,rule_of_thumb
23,774.8666666666667,1.739136310107747,2.7084384536695225,0.8725036339463964,BNA,2026-06-07,rule_of_thumb
24,835.3,1.632223988330732,2.7298465533561336,0.7840544481924387,BNA,2026-06-07,rule_of_thumb
25,848.1333333333333,1.6780445989039516,2.600622636194021,0.7835014138879284,BNA,2026-06-07,rule_of_thumb
26,838.2,1.326665191948012,2.3658502956293317,0.6397727291206712,BNA,2026-06-07,rule_of_thumb
27,845.8,1.4576748072290227,2.3614217440074077,0.6182026838017168,BNA,2026-06-07,rule_of_thumb
28,847.0666666666667,1.1090115068230275,2.105594999635344,0.43553039785687164,BNA,2026-06-07,rule_of_thumb
29,847.4,1.1125425651640986,2.038463750592083,0.4825804797133232,BNA,2026-06-07,rule_of_thumb
30,755.7333333333333,1.5309725161476162,2.539736588820803,0.5506466778037066,BNA,2026-06-07,rule_of_thumb
31,650.5,0.9327055185658792,1.7650688266109993,0.4349635352942302,BNA,2026-06-07,rule_of_thumb
32,562.2333333333333,0.6318187703711625,1.6011745014841903,0.2971970607928196,BNA,2026-06-07,rule_of_thumb
33,471.8,1.401717490238031,2.811018391869756,0.5970178967962961,BNA,2026-06-07,rule_of_thumb
34,401.8666666666667,0.921618404722848,2.2710072396649172,0.6196368312162032,BNA,2026-06-07,rule_of_thumb
35,355.8333333333333,0.7315026865114819,1.8751578646207747,0.5396289411807162,BNA,2026-06-07,rule_of_thumb
36,332.8,0.5948809096312327,1.4192813057068878,0.5384685998202978,BNA,2026-06-07,rule_of_thumb
37,277.6666666666667,1.3366504325297874,2.8681194611330336,0.799543584652643,BNA,2026-06-07,rule_of_thumb
38,116.36666666666666,3.002904735290703,5.430090126078053,1.82305226748409,BNA,2026-06-07,rule_of_thumb
39,4.133333333333334,0.99543973610151,1.4464526864937424,1.4948605659240117,BNA,2026-06-07,rule_of_thumb
40,0.0,0.0,0.0,0.0,BNA,2026-06-07,rule_of_thumb
41,0.0,0.0,0.0,0.0,BNA,2026-06-07,rule_of_thumb
42,0.0,0.0,0.0,0.0,BNA,2026-06-07,rule_of_thumb
43,0.0,0.0,0.0,0.0,BNA,2026-06-07,rule_of_thumb
44,0.0,0.0,0.0,0.0,BNA,2026-06-07,rule_of_thumb
45,0.5,0.0010993337495809404,0.0020887341242037867,0.004093843657679938,BNA,2026-06-07,rule_of_thumb
0,419.6333333333333,1.3943732066260596e-06,0.0,0.0,BNA,2026-06-07,flat_feasible
1,700.1666666666666,0.0005950389082689627,0.0022177971077115425,0.004346802457151788,BNA,2026-06-07,flat_feasible
2,955.2,0.009222728904058564,0.06736174019826531,0.02449558243144448,BNA,2026-06-07,flat_feasible
3,1103.8333333333333,0.06108695482486259,0.3209800486162268,0.11846505733626492,BNA,2026-06-07,flat_feasible
4,1278.6,0.25605547072664714,0.8017061737730073,0.13982725827724166,BNA,2026-06-07,flat_feasible
5,1435.5,1.418412077386669,2.582678850558169,0.40687772519648047,BNA,2026-06-07,flat_feasible
6,1494.1333333333334,4.179048693390826,5.668275778747551,0.7679001068491708,BNA,2026-06-07,flat_feasible
7,1368.5,6.028573060305868,6.898115381148334,1.0172723999507107,BNA,2026-06-07,flat_feasible
8,1163.0666666666666,4.130029605362812,5.78579414565211,0.9794655168695442,BNA,2026-06-07,flat_feasible
9,982.6,0.7065661410385341,1.9691493888683451,0.8586631874699897,BNA,2026-06-07,flat_feasible
10,1048.2666666666667,0.030867928374045818,0.19668551353941674,0.07983943707938805,BNA,2026-06-07,flat_feasible
11,1161.5,0.07645702344678783,0.3486689210296476,0.11119698602056721,BNA,2026-06-07,flat_feasible
12,1149.0333333333333,0.12131034521788246,0.47139292610188105,0.11386110355834937,BNA,2026-06-07,flat_feasible
13,1000.9,0.02204577468532524,0.1515002405788498,0.046003564167542206,BNA,2026-06-07,flat_feasible
14,939.2333333333333,0.011341083526437012,0.08394121631166108,0.038777606128298545,BNA,2026-06-07,flat_feasible
15,905.2666666666667,0.005055198410747109,0.03607103897294937,0.018008631518097316,BNA,2026-06-07,flat_feasible
16,923.3666666666667,0.008340111422772667,0.06159482940173267,0.02600471805174346,BNA,2026-06-07,flat_feasible
17,968.7333333333333,0.008878166789340863,0.061105527806600585,0.020586236867433067,BNA,2026-06-07,flat_feasible
18,952.8666666666667,0.009779408941617596,0.07205431489582917,0.02077719397812706,BNA,2026-06-07,flat_feasible
19,898.5333333333333,0.00696087472602385,0.04665469854647705,0.022750973542309268,BNA,2026-06-07,flat_feasible
20,823.7666666666667,0.0015242725571898298,0.0072107543316756485,0.005914520712615534,BNA,2026-06-07,flat_feasible
21,786.2,0.001702843919343815,0.005629855719223709,0.005280734000717719,BNA,2026-06-07,flat_feasible
22,756.0666666666667,0.0005447781804774147,0.0,0.0,BNA,2026-06-07,flat_feasible
23,788.4333333333333,0.0013638670224483756,0.004424300752726241,0.005940733491815518,BNA,2026-06-07,flat_feasible
24,843.9666666666667,0.003862288124039136,0.024639634889039856,0.01691688341017268,BNA,2026-06-07,flat_feasible
25,843.3,0.00494431423198445,0.03350265222283701,0.02716100666451352,BNA,2026-06-07,flat_feasible
26,841.6333333333333,0.002453200782205533,0.011653083117881607,0.012005518685588306,BNA,2026-06-07,flat_feasible
27,844.8666666666667,0.003069220992869889,0.017610950525325745,0.01284207156926859,BNA,2026-06-07,flat_feasible
28,845.2,0.0022175630370636365,0.01105204951288819,0.006619405171303502,BNA,2026-06-07,flat_feasible
29,841.3333333333334,0.0029740516921719115,0.01718178324258167,0.01125401074825594,BNA,2026-06-07,flat_feasible
30,768.2333333333333,0.0006040397852257166,0.0,0.0,BNA,2026-06-07,flat_feasible
31,638.7333333333333,0.00017042867710101653,0.0,0.0,BNA,2026-06-07,flat_feasible
32,567.7333333333333,0.00011041326353426795,2.7059918284066953e-05,5.303646527381419e-05,BNA,2026-06-07,flat_feasible
33,471.2,0.0,0.0,0.0,BNA,2026-06-07,flat_feasible
34,405.23333333333335,0.0,0.0,0.0,BNA,2026-06-07,flat_feasible
35,358.73333333333335,0.0,0.0,0.0,BNA,2026-06-07,flat_feasible
36,331.06666666666666,0.0,0.0,0.0,BNA,2026-06-07,flat_feasible
37,276.23333333333335,0.0,0.0,0.0,BNA,2026-06-07,flat_feasible
38,112.3,0.0,0.0,0.0,BNA,2026-06-07,flat_feasible
39,4.133333333333334,0.0,0.0,0.0,BNA,2026-06-07,flat_feasible
40,0.0,0.0,0.0,0.0,BNA,2026-06-07,flat_feasible
41,0.0,0.0,0.0,0.0,BNA,2026-06-07,flat_feasible
42,0.0,0.0,0.0,0.0,BNA,2026-06-07,flat_feasible
43,0.0,0.0,0.0,0.0,BNA,2026-06-07,flat_feasible
44,0.0,0.0,0.0,0.0,BNA,2026-06-07,flat_feasible
45,1.9,0.0,0.0,0.0,BNA,2026-06-07,flat_feasible
0,416.8,2.645479413853687e-05,0.0,0.0,BNA,2026-06-07,peak_everywhere
1,703.2333333333333,4.8215922946830295e-05,0.0,0.0,BNA,2026-06-07,peak_everywhere
2,956.8333333333334,0.002779923542454399,0.01605978377564097,0.009811849769539522,BNA,2026-06-07,peak_everywhere
3,1112.5,0.011226587927171246,0.07834058697989382,0.03367225799403401,BNA,2026-06-07,peak_everywhere
4,1294.9333333333334,0.09351565689602763,0.43797476027191523,0.15667924211098386,BNA,2026-06-07,peak_everywhere
5,1450.8,0.48443046042483096,1.0524694285017289,0.26293174232468214,BNA,2026-06-07,peak_everywhere
6,1479.1,0.6596967846748779,1.284514257079297,0.21753707794696306,BNA,2026-06-07,peak_everywhere
7,1361.3666666666666,0.5399245631197929,1.2208211084485752,0.25649038126414175,BNA,2026-06-07,peak_everywhere
8,1163.1333333333334,0.031102622179372992,0.18879591919669356,0.06077072930485297,BNA,2026-06-07,peak_everywhere
9,986.5666666666667,0.0027863584693437805,0.01654831721669085,0.00996517406474425,BNA,2026-06-07,peak_everywhere
10,1040.6666666666667,0.0058780334235041375,0.04701894433158461,0.031651783378470785,BNA,2026-06-07,peak_everywhere
11,1165.4,0.02134227248366989,0.14282586307919296,0.05543386306304238,BNA,2026-06-07,peak_everywhere
12,1161.1333333333334,0.017686260514169057,0.11296380689878537,0.044612963586673764,BNA,2026-06-07,peak_everywhere
13,994.3333333333334,0.002917386366299956,0.01655406907966662,0.008855955744165101,BNA,2026-06-07,peak_everywhere
14,949.9,0.0026756085201230717,0.015101616555297495,0.015063356079290283,BNA,2026-06-07,peak_everywhere
15,903.1,0.0013889647204860611,0.0049389901499508415,0.008233264278967178,BNA,2026-06-07,peak_everywhere
16,925.5666666666667,0.001389306081917387,0.005654623158908216,0.006074924738727192,BNA,2026-06-07,peak_everywhere
17,968.2,0.002997915400726954,0.01876065444767995,0.011429737125964083,BNA,2026-06-07,peak_everywhere
18,945.3333333333334,0.002285514836253896,0.011207314114233202,0.008650243573619307,BNA,2026-06-07,peak_everywhere
19,895.5333333333333,0.001015964780669524,0.00210492219203065,0.0026180281082251442,BNA,2026-06-07,peak_everywhere
20,824.7666666666667,0.000655315193515192,0.003371363169676819,0.004625551741039087,BNA,2026-06-07,peak_everywhere
21,795.8,0.00014295771121771654,0.0,0.0,BNA,2026-06-07,peak_everywhere
22,752.1333333333333,9.505309344976018e-05,0.0,0.0,BNA,2026-06-07,peak_everywhere
23,786.2666666666667,0.0003535909375675442,0.00038489270454912056,0.0007543758390055224,BNA,2026-06-07,peak_everywhere
24,840.5333333333333,0.0003625791786747501,0.0008778126851022221,0.0017204812483765004,BNA,2026-06-07,peak_everywhere
25,842.7,0.0006368180289327096,0.0014200946017653298,0.002487915442602876,BNA,2026-06-07,peak_everywhere
26,841.4,0.0005614364066008385,0.00054895856648424,0.0010759390195663387,BNA,2026-06-07,peak_everywhere
27,847.7333333333333,0.0003589002442918547,0.0,0.0,BNA,2026-06-07,peak_everywhere
28,846.2333333333333,0.000403945137558418,0.0006963740568441301,0.001364868071502838,BNA,2026-06-07,peak_everywhere
29,840.7,0.0002516336350672894,0.0005161212414225236,0.0010115790450816364,BNA,2026-06-07,peak_everywhere
30,760.7333333333333,0.0002124797416629371,0.0,0.0,BNA,2026-06-07,peak_everywhere
31,635.8333333333334,4.778896707199293e-06,0.0,0.0,BNA,2026-06-07,peak_everywhere
32,564.7,2.8935930559305555e-06,0.0,0.0,BNA,2026-06-07,peak_everywhere
33,477.93333333333334,0.0,0.0,0.0,BNA,2026-06-07,peak_everywhere
34,409.43333333333334,0.0,0.0,0.0,BNA,2026-06-07,peak_everywhere
35,353.1666666666667,0.0,0.0,0.0,BNA,2026-06-07,peak_everywhere
36,335.8666666666667,0.0,0.0,0.0,BNA,2026-06-07,peak_everywhere
37,275.93333333333334,0.0,0.0,0.0,BNA,2026-06-07,peak_everywhere
38,114.83333333333333,0.0,0.0,0.0,BNA,2026-06-07,peak_everywhere
39,3.7666666666666666,0.0,0.0,0.0,BNA,2026-06-07,peak_everywhere
40,0.0,0.0,0.0,0.0,BNA,2026-06-07,peak_everywhere
41,0.0,0.0,0.0,0.0,BNA,2026-06-07,peak_everywhere
42,0.0,0.0,0.0,0.0,BNA,2026-06-07,peak_everywhere
43,0.0,0.0,0.0,0.0,BNA,2026-06-07,peak_everywhere
44,0.0,0.0,0.0,0.0,BNA,2026-06-07,peak_everywhere
45,1.3666666666666667,0.0,0.0,0.0,BNA,2026-06-07,peak_everywhere
0,388.03333333333336,0.011361516736681853,0.0733859433897302,0.062384750635793046,BNA,2026-06-08,optimised
1,663.3666666666667,0.47889297502732675,1.3393370613466233,0.24670796310552445,BNA,2026-06-08,optimised
2,911.8333333333334,0.13145770163395568,0.5850962692450444,0.14754541856329975,BNA,2026-06-08,optimised
3,1055.1666666666667,0.40351301533743533,1.100831244110966,0.19969037597075082,BNA,2026-06-08,optimised
4,1176.4333333333334,0.16264530330188628,0.6138475099800316,0.15382806907109722,BNA,2026-06-08,optimised
5,1302.9,0.4500408895200393,1.0247306203880178,0.231610191091686,BNA,2026-06-08,optimised
6,1321.8666666666666,0.7450561450235548,1.5117484194354418,0.3571565302606034,BNA,2026-06-08,optimised
7,1223.7,0.5133935665928128,1.1684175984139824,0.3484715586799569,BNA,2026-06-08,optimised
8,1086.2666666666667,0.8112432412250097,1.5626701987811924,0.4226532652019282,BNA,2026-06-08,optimised
9,908.6666666666666,0.40458620113033256,1.032557709982888,0.39112605714516974,BNA,2026-06-08,optimised
10,994.4333333333333,0.12049413302598773,0.5680439782523138,0.1497300290288623,BNA,2026-06-08,optimised
11,1167.4666666666667,0.5687410266981451,1.3154545731659761,0.27840034096074695,BNA,2026-06-08,optimised
12,1158.9,1.070472046203659,1.812931176575496,0.38716034919671183,BNA,2026-06-08,optimised
13,935.0,0.29405396328988365,0.9495710991506402,0.3923542996487595,BNA,2026-06-08,optimised
14,863.8333333333334,0.003658944960150535,0.023109477996664688,0.023207825545318396,BNA,2026-06-08,optimised
15,905.6,0.008553526248823573,0.06524422245227142,0.02762166579588272,BNA,2026-06-08,optimised
16,1036.4,0.10808910513494893,0.47608894480467456,0.10988773235947112,BNA,2026-06-08,optimised
17,1157.1333333333334,0.47625883458043977,1.1142604683625938,0.2265360232833894,BNA,2026-06-08,optimised
18,1162.4,0.6943982361368567,1.361433824701355,0.2714362598302087,BNA,2026-06-08,optimised
19,1060.6333333333334,0.2830184552194288,0.8877344351246965,0.17365582305350735,BNA,2026-06-08,optimised
20,922.3,0.7159858141949825,1.4817229769059588,0.388227616108746,BNA,2026-06-08,optimised
21,813.4333333333333,0.5509899013577119,1.4247566946487682,0.4776914112376204,BNA,2026-06-08,optimised
22,736.0666666666667,0.6200984091962664,1.41208910443069,0.4535286758038206,BNA,2026-06-08,optimised
23,752.3333333333334,0.6801571591441395,1.666302707858211,0.4219227147940567,BNA,2026-06-08,optimised
24,837.1666666666666,0.42281433787713907,1.266939090265762,0.29408089670642146,BNA,2026-06-08,optimised
25,876.3666666666667,0.26589315485360987,0.8450399134433405,0.20256525107967976,BNA,2026-06-08,optimised
26,891.2333333333333,0.5980060020007875,1.3271654600359166,0.307281812052218,BNA,2026-06-08,optimised
27,872.4333333333333,0.3900021462856889,1.1167412038256919,0.22555705556794473,BNA,2026-06-08,optimised
28,879.5333333333333,0.3227682545819693,0.9697311561518532,0.1948009681500551,BNA,2026-06-08,optimised
29,905.7333333333333,0.5166373106696555,1.2047942519583235,0.26988804148837503,BNA,2026-06-08,optimised
30,834.6666666666666,0.026846392387619312,0.18773039265191446,0.1056529845640324,BNA,2026-06-08,optimised
31,689.2333333333333,0.0028219690945170957,0.01682028193288252,0.023385165701908593,BNA,2026-06-08,optimised
32,543.9333333333333,0.015813089428077305,0.12301924073399685,0.04944815860842499,BNA,2026-06-08,optimised
33,407.8,0.002060089804791492,0.007474150170794458,0.007531783177237392,BNA,2026-06-08,optimised
34,323.8333333333333,0.31783924845110545,1.049835599826122,0.24055893407668072,BNA,2026-06-08,optimised
35,337.26666666666665,0.30607850674355813,1.1575678438025385,0.2816101936370756,BNA,2026-06-08,optimised
36,323.96666666666664,0.46364898953539396,1.3639203416745438,0.3090597565771255,BNA,2026-06-08,optimised
37,257.06666666666666,0.14062193802244935,0.635822944857402,0.20544978449821705,BNA,2026-06-08,optimised
38,103.1,1.4020855187438992,3.1956148858402904,0.7749657174244305,BNA,2026-06-08,optimised
39,2.6,2.063039197808047e-05,0.0001010889206925942,0.00019813064384000583,BNA,2026-06-08,optimised
40,0.0,0.0,0.0,0.0,BNA,2026-06-08,optimised
41,0.0,0.0,0.0,0.0,BNA,2026-06-08,optimised
42,0.0,0.0,0.0,0.0,BNA,2026-06-08,optimised
43,0.0,0.0,0.0,0.0,BNA,2026-06-08,optimised
44,0.0,0.0,0.0,0.0,BNA,2026-06-08,optimised
45,2.3333333333333335,0.08564973156866194,0.17231633664971352,0.30342900697520153,BNA,2026-06-08,optimised
0,388.6333333333333,0.820953375736966,2.358432841643506,0.4005623864965368,BNA,2026-06-08,rule_of_thumb
1,658.8,0.7805369524909804,1.8859837171132696,0.3608448622856541,BNA,2026-06-08,rule_of_thumb
2,919.0333333333333,0.5960704636413497,1.4310903796148293,0.2992290457652814,BNA,2026-06-08,rule_of_thumb
3,1057.4,0.5373621909088867,1.3357217497496288,0.258500420324139,BNA,2026-06-08,rule_of_thumb
4,1174.8333333333333,0.703658238253082,1.459284571313062,0.3298796684063113,BNA,2026-06-08,rule_of_thumb
5,1315.6333333333334,0.9187059905577482,1.6241109832974727,0.48579302582210493,BNA,2026-06-08,rule_of_thumb
6,1329.4666666666667,1.3041350148516995,1.9575751040588687,0.527857945385187,BNA,2026-06-08,rule_of_thumb
7,1218.2666666666667,1.1426535976640582,1.8964357538566075,0.6831532321616551,BNA,2026-06-08,rule_of_thumb
8,1085.3333333333333,1.3309285008198761,2.122056348634271,0.7451048572570121,BNA,2026-06-08,rule_of_thumb
9,910.6666666666666,1.3645285083589598,2.17303872757792,0.8049291311478128,BNA,2026-06-08,rule_of_thumb
10,980.1666666666666,0.8175181331185878,1.5164537378109821,0.6595688617897624,BNA,2026-06-08,rule_of_thumb
11,1172.0,0.9909896812607145,1.6907252950471943,0.6758813370715762,BNA,2026-06-08,rule_of_thumb
12,1174.3333333333333,1.3445499957645934,2.146306138470352,0.6090103118966231,BNA,2026-06-08,rule_of_thumb
13,948.8333333333334,1.8782966394340221,2.88190297109117,0.7862495295985701,BNA,2026-06-08,rule_of_thumb
14,868.0333333333333,2.222104404975772,3.2550518967310618,0.953135366410639,BNA,2026-06-08,rule_of_thumb
15,908.5666666666667,1.9932845017539749,3.0403674727508645,0.8312161641586451,BNA,2026-06-08,rule_of_thumb
16,1022.1666666666666,1.5177741068631574,2.551214957451424,0.6677654988441836,BNA,2026-06-08,rule_of_thumb
17,1159.2333333333333,1.672569618720788,2.554198009607398,0.8018663702100473,BNA,2026-06-08,rule_of_thumb
18,1171.4666666666667,1.4637720866495094,2.251892111185993,0.8141466128147166,BNA,2026-06-08,rule_of_thumb
19,1068.2666666666667,1.4186737798276987,2.2212083322328393,0.8200142235621931,BNA,2026-06-08,rule_of_thumb
20,936.4,1.7122790448556837,2.647687985385722,1.0485234745777976,BNA,2026-06-08,rule_of_thumb
21,809.5666666666667,1.655225758363694,2.5086054692971276,0.9942259129438378,BNA,2026-06-08,rule_of_thumb
22,734.4666666666667,1.2417198466117154,2.133037915311409,0.8993623161558374,BNA,2026-06-08,rule_of_thumb
23,750.2,0.948198081762666,1.8577825185042156,0.6034039734015911,BNA,2026-06-08,rule_of_thumb
24,822.3333333333334,0.8101341356262884,1.55217847520744,0.4110266073178031,BNA,2026-06-08,rule_of_thumb
25,879.0666666666667,0.6953234545164891,1.4377952331223571,0.38222540919154696,BNA,2026-06-08,rule_of_thumb
26,889.2666666666667,0.6256558989049,1.4701036007574126,0.39166139209483436,BNA,2026-06-08,rule_of_thumb
27,889.9666666666667,1.2759255371260694,2.269370778410412,0.5272746510099664,BNA,2026-06-08,rule_of_thumb
28,876.2666666666667,1.9960262945184273,3.077417669725002,0.653495884469518,BNA,2026-06-08,rule_of_thumb
29,907.7666666666667,1.6020280188537555,2.548289273167744,0.671701829511429,BNA,2026-06-08,rule_of_thumb
30,834.9333333333333,1.7825890450328616,2.6834511521760147,0.6099673620987385,BNA,2026-06-08,rule_of_thumb
31,686.7333333333333,1.5548108054797174,2.5895167833606747,0.6782068434123285,BNA,2026-06-08,rule_of_thumb
32,547.0333333333333,2.382782376156918,3.49895917064157,0.9403434222156453,BNA,2026-06-08,rule_of_thumb
33,415.7,1.6200446543729314,2.9062488044311676,0.9901737893615696,BNA,2026-06-08,rule_of_thumb
34,325.6333333333333,0.7434441726436698,1.8544640070340892,0.6701298007241437,BNA,2026-06-08,rule_of_thumb
35,338.73333333333335,0.38999115363466974,1.4271202931225335,0.49791771424708325,BNA,2026-06-08,rule_of_thumb
36,333.7,0.6023558559428477,1.5339428405814572,0.5459105430545319,BNA,2026-06-08,rule_of_thumb
37,254.73333333333332,0.8279615324679995,1.9920354455472185,0.7200475304785032,BNA,2026-06-08,rule_of_thumb
38,99.16666666666667,1.5677593104165832,3.1248225897627013,1.1837101130131147,BNA,2026-06-08,rule_of_thumb
39,2.1666666666666665,0.3604091452373003,0.44383438944694187,0.5131861850960289,BNA,2026-06-08,rule_of_thumb
40,0.0,0.0,0.0,0.0,BNA,2026-06-08,rule_of_thumb
41,0.0,0.0,0.0,0.0,BNA,2026-06-08,rule_of_thumb
42,0.0,0.0,0.0,0.0,BNA,2026-06-08,rule_of_thumb
43,0.0,0.0,0.0,0.0,BNA,2026-06-08,rule_of_thumb
44,0.0,0.0,0.0,0.0,BNA,2026-06-08,rule_of_thumb
45,2.8,0.014179461677107041,0.0452251474728761,0.044072029306586914,BNA,2026-06-08,rule_of_thumb
0,381.03333333333336,1.6360049996748087e-05,0.0,0.0,BNA,2026-06-08,flat_feasible
1,649.7,0.0024278432150139375,0.015196950792537548,0.016541201645333178,BNA,2026-06-08,flat_feasible
2,916.1333333333333,0.04866800441740934,0.27288505362537757,0.10815700530625605,BNA,2026-06-08,flat_feasible
3,1056.1,0.16272812836502737,0.5887264914413693,0.12975869402989273,BNA,2026-06-08,flat_feasible
4,1173.7,0.5975279216778886,1.424934213817634,0.2793219205694058,BNA,2026-06-08,flat_feasible
5,1325.9666666666667,2.873781175659885,4.463623159500923,0.7586248607613311,BNA,2026-06-08,flat_feasible
6,1330.5333333333333,6.394506179966736,8.095835040208796,0.9252381720651535,BNA,2026-06-08,flat_feasible
7,1224.9333333333334,8.484201536136265,9.501274021504441,1.1156159589527144,BNA,2026-06-08,flat_feasible
8,1074.8333333333333,7.354408241271925,8.738049422205936,1.2877046730008808,BNA,2026-06-08,flat_feasible
9,919.9333333333333,3.1692251848599913,5.2912588177221975,1.345900715777496,BNA,2026-06-08,flat_feasible
10,990.7333333333333,0.38774988839341756,1.2025614957102702,0.614569085238504,BNA,2026-06-08,flat_feasible
11,1170.6666666666667,0.5278519011096334,1.2254793361823404,0.2530474617471877,BNA,2026-06-08,flat_feasible
12,1155.4333333333334,0.9174548935835111,1.7144296795937553,0.3783544690241825,BNA,2026-06-08,flat_feasible
13,941.3333333333334,0.30777886779939423,0.8883501037489228,0.3892848273287633,BNA,2026-06-08,flat_feasible
14,863.1333333333333,0.0359925585997958,0.16702818118117452,0.07092623928458984,BNA,2026-06-08,flat_feasible
15,902.1666666666666,0.0335076289367558,0.21699723160134068,0.06233564565203646,BNA,2026-06-08,flat_feasible
16,1028.5333333333333,0.09515829314421792,0.4390247219874407,0.14498344618511186,BNA,2026-06-08,flat_feasible
17,1148.0,0.5503591832243594,1.3258650738063247,0.25411413151259615,BNA,2026-06-08,flat_feasible
18,1169.9,1.1962314674688708,2.046380616713402,0.38267127183826516,BNA,2026-06-08,flat_feasible
19,1069.8333333333333,0.6533812990865521,1.3773482646748136,0.46666916557486077,BNA,2026-06-08,flat_feasible
20,935.4,0.09172154596185571,0.38446789617805815,0.18201264283142837,BNA,2026-06-08,flat_feasible
21,806.4666666666667,0.015316279955305222,0.1012901567681738,0.06890261314506317,BNA,2026-06-08,flat_feasible
22,730.8333333333334,0.0027390587225097273,0.014199789700927367,0.01144349231712793,BNA,2026-06-08,flat_feasible
23,753.8333333333334,0.00620844586476867,0.04167826127157066,0.03708451271088033,BNA,2026-06-08,flat_feasible
24,821.7333333333333,0.02143055439182428,0.1268078017049503,0.09075624909615868,BNA,2026-06-08,flat_feasible
25,878.5666666666667,0.021339541823243265,0.14466986622784886,0.0370140867934172,BNA,2026-06-08,flat_feasible
26,891.4333333333333,0.026018537085130657,0.18046693356375246,0.06476150664748175,BNA,2026-06-08,flat_feasible
27,877.2,0.03030049484975265,0.19625792980360462,0.057485879800867695,BNA,2026-06-08,flat_feasible
28,874.0666666666667,0.015531305623399418,0.10660730909857488,0.028728515150466646,BNA,2026-06-08,flat_feasible
29,913.2333333333333,0.024046910577886358,0.152361193284416,0.04921633157995489,BNA,2026-06-08,flat_feasible
30,836.6666666666666,0.012984610222023222,0.09443646220690873,0.03251956889297172,BNA,2026-06-08,flat_feasible
31,694.6666666666666,0.002414985952563114,0.015467898786088567,0.01199751839529679,BNA,2026-06-08,flat_feasible
32,546.4,0.00017032269490849507,0.0,0.0,BNA,2026-06-08,flat_feasible
33,405.93333333333334,1.4124535273195865e-05,0.0,0.0,BNA,2026-06-08,flat_feasible
34,323.06666666666666,0.0,0.0,0.0,BNA,2026-06-08,flat_feasible
35,340.3,0.0,0.0,0.0,BNA,2026-06-08,flat_feasible
36,330.8666666666667,0.0,0.0,0.0,BNA,2026-06-08,flat_feasible
37,259.6333333333333,0.0,0.0,0.0,BNA,2026-06-08,flat_feasible
38,98.36666666666666,0.0,0.0,0.0,BNA,2026-06-08,flat_feasible
39,2.5,0.0,0.0,0.0,BNA,2026-06-08,flat_feasible
40,0.0,0.0,0.0,0.0,BNA,2026-06-08,flat_feasible
41,0.0,0.0,0.0,0.0,BNA,2026-06-08,flat_feasible
42,0.0,0.0,0.0,0.0,BNA,2026-06-08,flat_feasible
43,0.0,0.0,0.0,0.0,BNA,2026-06-08,flat_feasible
44,0.0,0.0,0.0,0.0,BNA,2026-06-08,flat_feasible
45,2.5,0.0,0.0,0.0,BNA,2026-06-08,flat_feasible
0,392.1666666666667,5.012446440295419e-07,0.0,0.0,BNA,2026-06-08,peak_everywhere
1,654.2666666666667,0.0003138764908841069,6.056856973989018e-05,0.00011871221531314557,BNA,2026-06-08,peak_everywhere
2,925.1666666666666,0.006280390261688302,0.04555778693618159,0.014202685940201616,BNA,2026-06-08,peak_everywhere
3,1052.1333333333334,0.028152105767717348,0.17812519893331408,0.05124131408247675,BNA,2026-06-08,peak_everywhere
4,1171.1333333333334,0.10856005293196107,0.4746039512173025,0.15349172576476805,BNA,2026-06-08,peak_everywhere
5,1316.0666666666666,0.4605097445904045,1.16992764268386,0.20130477106441796,BNA,2026-06-08,peak_everywhere
6,1329.1666666666667,1.004589918228548,1.710888157301879,0.31809940564827416,BNA,2026-06-08,peak_everywhere
7,1211.2,0.3402204982609219,0.9554749037857745,0.2792786959931032,BNA,2026-06-08,peak_everywhere
8,1079.1,0.05811537790545014,0.28853542198695864,0.10824908624507276,BNA,2026-06-08,peak_everywhere
9,910.5,0.006876662792258386,0.0511235717088541,0.01732365279669618,BNA,2026-06-08,peak_everywhere
10,982.4,0.014859503411955653,0.10203132492014774,0.03153798798601343,BNA,2026-06-08,peak_everywhere
11,1169.5,0.1055771900112401,0.4531825294112956,0.12050371741299741,BNA,2026-06-08,peak_everywhere
12,1157.0333333333333,0.1203478255893919,0.4960027113913857,0.11041692863221189,BNA,2026-06-08,peak_everywhere
13,944.6333333333333,0.013920934908881771,0.09841650727585274,0.05068124427908629,BNA,2026-06-08,peak_everywhere
14,868.9,0.003236769489008915,0.01763838609926227,0.008383019409809707,BNA,2026-06-08,peak_everywhere
15,903.0666666666667,0.008151521532341435,0.05931296208754559,0.03119953189096473,BNA,2026-06-08,peak_everywhere
16,1025.9,0.020738983035318626,0.14055671537616837,0.05056052078976207,BNA,2026-06-08,peak_everywhere
17,1160.4,0.08902977943850124,0.3921904623060199,0.10741911519430618,BNA,2026-06-08,peak_everywhere
18,1156.4,0.14962795047139862,0.5244109725489295,0.15897411522743754,BNA,2026-06-08,peak_everywhere
19,1065.0666666666666,0.051599040803584205,0.29693470748729217,0.07506572832786873,BNA,2026-06-08,peak_everywhere
20,936.0666666666667,0.014393367459942982,0.09455641820708244,0.04677583483065531,BNA,2026-06-08,peak_everywhere
21,813.2,0.0027289267909024247,0.01615978711063271,0.012572765641139605,BNA,2026-06-08,peak_everywhere
22,731.8,0.0005363353405062974,0.0,0.0,BNA,2026-06-08,peak_everywhere
23,755.0666666666667,0.0005691835580869491,0.00043926675869083374,0.0008609470268417195,BNA,2026-06-08,peak_everywhere
24,830.5333333333333,0.003113669709583175,0.013581631604751187,0.01892716516628145,BNA,2026-06-08,peak_everywhere
25,881.4,0.011016698127613163,0.08266303514420956,0.07194242103756499,BNA,2026-06-08,peak_everywhere
26,894.6666666666666,0.006462736611835363,0.04811303262306518,0.022737977410739206,BNA,2026-06-08,peak_everywhere
27,875.4666666666667,0.0037665193590423304,0.02350022196744927,0.015018347414436242,BNA,2026-06-08,peak_everywhere
28,876.4,0.0035764109191634605,0.0221775436917903,0.014136908116087714,BNA,2026-06-08,peak_everywhere
29,917.1333333333333,0.004305260721466058,0.02970113244685456,0.01126822784502248,BNA,2026-06-08,peak_everywhere
30,845.9,0.003958268064220292,0.02500051501790643,0.013174182401679838,BNA,2026-06-08,peak_everywhere
31,691.4666666666667,0.00042034952767853757,0.0,0.0,BNA,2026-06-08,peak_everywhere
32,547.0,4.5346845159921834e-05,0.0,0.0,BNA,2026-06-08,peak_everywhere
33,413.8666666666667,0.0,0.0,0.0,BNA,2026-06-08,peak_everywhere
34,316.96666666666664,0.0,0.0,0.0,BNA,2026-06-08,peak_everywhere
35,339.43333333333334,0.0,0.0,0.0,BNA,2026-06-08,peak_everywhere
36,331.53333333333336,0.0,0.0,0.0,BNA,2026-06-08,peak_everywhere
37,255.4,0.0,0.0,0.0,BNA,2026-06-08,peak_everywhere
38,99.53333333333333,0.0,0.0,0.0,BNA,2026-06-08,peak_everywhere
39,2.533333333333333,0.0,0.0,0.0,BNA,2026-06-08,peak_everywhere
40,0.0,0.0,0.0,0.0,BNA,2026-06-08,peak_everywhere
41,0.0,0.0,0.0,0.0,BNA,2026-06-08,peak_everywhere
42,0.0,0.0,0.0,0.0,BNA,2026-06-08,peak_everywhere
43,0.0,0.0,0.0,0.0,BNA,2026-06-08,peak_everywhere
44,0.0,0.0,0.0,0.0,BNA,2026-06-08,peak_everywhere
45,2.533333333333333,0.0,0.0,0.0,BNA,2026-06-08,peak_everywhere
0,393.23333333333335,0.01123960601405743,0.07992968052262686,0.04779083863849383,BNA,2026-06-09,optimised
1,662.0666666666667,0.45952643346386196,1.368589853919647,0.3265482262597012,BNA,2026-06-09,optimised
2,928.8333333333334,0.15652287514592178,0.7414156013448336,0.2031699684568129,BNA,2026-06-09,optimised
3,1066.5333333333333,0.6053936381181708,1.3913974922696348,0.3469550085516423,BNA,2026-06-09,optimised
4,1180.2666666666667,0.5481762086358594,1.236384384795071,0.3743187947286119,BNA,2026-06-09,optimised
5,1264.8,0.9202022471545539,1.6364844119377984,0.44088291205004404,BNA,2026-06-09,optimised
6,1257.8,1.4283331173748357,2.240108790544272,0.6659410702056565,BNA,2026-06-09,optimised
7,1129.8,1.1709118528005011,1.930601114910373,0.7117396887773475,BNA,2026-06-09,optimised
8,980.6666666666666,0.8950712421823505,1.663929275115031,0.6660532376486622,BNA,2026-06-09,optimised
9,824.0666666666667,0.2576206206030308,0.7428019440235344,0.4616808373693532,BNA,2026-06-09,optimised
10,940.6,0.05978810254226117,0.28509978877709263,0.09114239286803393,BNA,2026-06-09,optimised
11,1148.1333333333334,0.42527806687169384,1.1077900312378588,0.25381961978123785,BNA,2026-06-09,optimised
12,1190.5,0.4600111643981257,1.126090861084648,0.24248555011309159,BNA,2026-06-09,optimised
13,1061.0333333333333,0.13000314589802486,0.53583925968834,0.16800400915823274,BNA,2026-06-09,optimised
14,1007.8333333333334,0.04918385098810375,0.2872569345143855,0.08630541075721052,BNA,2026-06-09,optimised
15,957.7,0.02585836523777454,0.17880251887310966,0.05587212740347973,BNA,2026-06-09,optimised
16,851.9,0.6581969720367906,1.5458239377013272,0.37209875928286934,BNA,2026-06-09,optimised
17,767.4333333333333,0.4365824172622761,1.1543949882230469,0.3236177750180807,BNA,2026-06-09,optimised
18,738.6666666666666,0.46690757930557114,1.2050093174625922,0.33240766341637373,BNA,2026-06-09,optimised
19,752.4666666666667,0.8761544767500848,1.9231479384364083,0.43746761792902966,BNA,2026-06-09,optimised
20,763.3333333333334,0.41331841751285353,1.1946760714673361,0.31998578416715096,BNA,2026-06-09,optimised
21,798.1,0.4008328166758944,1.1283562853518039,0.39899097715687654,BNA,2026-06-09,optimised
22,828.3666666666667,0.8726048390232874,1.61713845640658,0.40477953521617943,BNA,2026-06-09,optimised
23,850.2333333333333,0.9470590050570254,1.692941729202424,0.41769319204314354,BNA,2026-06-09,optimised
24,914.0666666666667,0.4377765256166339,1.2129174960117153,0.3386126871522829,BNA,2026-06-09,optimised
25,962.6666666666666,0.3109862295780044,0.8781378650559184,0.23688620629697008,BNA,2026-06-09,optimised
26,963.7333333333333,1.2485455778193233,2.2296278209787403,0.5370250170828651,BNA,2026-06-09,optimised
27,893.1333333333333,1.270006700755306,2.103051426180483,0.6337401259943498,BNA,2026-06-09,optimised
28,854.0,1.5153629348282114,2.5071065821598,0.6347848164506242,BNA,2026-06-09,optimised
29,796.7,1.1376626398560652,2.2159644416891617,0.6412971974566721,BNA,2026-06-09,optimised
30,673.7666666666667,0.12478349271764827,0.6118156372031496,0.37827813827091017,BNA,2026-06-09,optimised
31,531.6,0.002579381510452899,0.011673382460165787,0.01272698595614341,BNA,2026-06-09,optimised
32,394.53333333333336,0.006476453617334042,0.03870989590139435,0.03456920275329713,BNA,2026-06-09,optimised
33,334.93333333333334,0.0010798891095731092,0.0009390213195592794,0.0011268925173160698,BNA,2026-06-09,optimised
34,352.73333333333335,0.7802418757116522,2.004900218462154,0.4468308497151441,BNA,2026-06-09,optimised
35,285.8666666666667,0.4206442362864241,1.2819559300268013,0.4056425788441495,BNA,2026-06-09,optimised
36,110.83333333333333,1.808207809657399,3.6168430222862,0.977473303443681,BNA,2026-06-09,optimised
37,2.1,0.05103329909092433,0.05832284897560764,0.08849956972558863,BNA,2026-06-09,optimised
38,0.0,0.0,0.0,0.0,BNA,2026-06-09,optimised
39,0.0,0.0,0.0,0.0,BNA,2026-06-09,optimised
40,0.0,0.0,0.0,0.0,BNA,2026-06-09,optimised
41,0.0,0.0,0.0,0.0,BNA,2026-06-09,optimised
42,0.0,0.0,0.0,0.0,BNA,2026-06-09,optimised
43,0.0,0.0,0.0,0.0,BNA,2026-06-09,optimised
44,0.0,0.0,0.0,0.0,BNA,2026-06-09,optimised
45,2.1666666666666665,0.027090416015982,0.1097972304658132,0.17756946932595144,BNA,2026-06-09,optimised
0,383.6,0.8719534265926504,2.3220809611457276,0.4929715994987531,BNA,2026-06-09,rule_of_thumb
1,659.2333333333333,0.6364113821902482,1.7537201217471636,0.36524123934344777,BNA,2026-06-09,rule_of_thumb
2,926.3333333333334,0.6604351454068377,1.5961859344237865,0.26603339151354705,BNA,2026-06-09,rule_of_thumb
3,1072.5333333333333,0.6487409508597497,1.5225476985965989,0.2293659900516298,BNA,2026-06-09,rule_of_thumb
4,1167.8,0.6310351040680738,1.3988287718553412,0.30054023395167506,BNA,2026-06-09,rule_of_thumb
5,1270.1333333333334,0.9438997518711927,1.7697111394610034,0.40401084540876653,BNA,2026-06-09,rule_of_thumb
6,1272.8,2.0285809807241804,2.9709153366259793,0.7237332342762757,BNA,2026-06-09,rule_of_thumb
7,1129.6333333333334,2.4674672498224175,3.3431521705461997,0.8011244205561929,BNA,2026-06-09,rule_of_thumb
8,975.7666666666667,2.086528747460022,2.9223116875553785,1.0506203991109084,BNA,2026-06-09,rule_of_thumb
9,828.7,1.8987883393783715,2.769706041055595,1.035335476122927,BNA,2026-06-09,rule_of_thumb
10,946.5666666666667,1.2423703203451857,2.2387407775520303,0.6076413126988054,BNA,2026-06-09,rule_of_thumb
11,1146.4333333333334,1.0226894511238769,1.83982395532509,0.4681774552810247,BNA,2026-06-09,rule_of_thumb
12,1190.2,1.5033439484853264,2.5748917372028557,0.6211695346181416,BNA,2026-06-09,rule_of_thumb
13,1050.4,1.8094764678043207,2.6878456264469075,0.6952575383437163,BNA,2026-06-09,rule_of_thumb
14,1001.8666666666667,1.2124637121649562,2.159919514025897,0.5873302285808492,BNA,2026-06-09,rule_of_thumb
15,965.3,1.9602967801498596,3.1461652761286705,0.7520798957693144,BNA,2026-06-09,rule_of_thumb
16,853.9333333333333,2.3430682098896876,3.355802169503168,0.8506477876225844,BNA,2026-06-09,rule_of_thumb
17,767.2333333333333,2.2418830328066965,3.1469921539113894,1.0129970454486035,BNA,2026-06-09,rule_of_thumb
18,735.0666666666667,1.5458666906081648,2.6301860641191306,0.8223289906156356,BNA,2026-06-09,rule_of_thumb
19,749.5666666666667,1.1137262231218188,1.963097059488563,0.6095261759574504,BNA,2026-06-09,rule_of_thumb
20,773.2666666666667,1.0886584321061734,2.023875185249144,0.5779005108786373,BNA,2026-06-09,rule_of_thumb
21,805.5,1.4771956492788652,2.4078668207616087,0.6831384345895521,BNA,2026-06-09,rule_of_thumb
22,829.1333333333333,1.2158312242541485,2.2721837836992576,0.5704848962172225,BNA,2026-06-09,rule_of_thumb
23,860.6,1.3064284377018482,2.2486356929139357,0.506692881871629,BNA,2026-06-09,rule_of_thumb
24,921.7333333333333,1.278754481561111,2.212661877333356,0.4695997186764615,BNA,2026-06-09,rule_of_thumb
25,954.0333333333333,0.8246115803448865,1.6934488237994416,0.4075572781840259,BNA,2026-06-09,rule_of_thumb
26,953.0333333333333,1.12661278698432,2.123825708412222,0.3853314341967768,BNA,2026-06-09,rule_of_thumb
27,884.8,1.0077153184360987,1.9683880682182304,0.5243339947540391,BNA,2026-06-09,rule_of_thumb
28,847.2666666666667,1.064336120357106,1.8217882995619188,0.5930713478276822,BNA,2026-06-09,rule_of_thumb
29,796.0,1.773581289874117,2.97820742239948,0.7751198602020173,BNA,2026-06-09,rule_of_thumb
30,674.9,2.370658741932537,3.448594230279449,0.9091602320591659,BNA,2026-06-09,rule_of_thumb
31,538.8,2.5729157263658626,3.829510561238277,0.9243459702657442,BNA,2026-06-09,rule_of_thumb
32,397.43333333333334,3.540630987702344,5.1066320368168165,1.171536991248036,BNA,2026-06-09,rule_of_thumb
33,334.2,1.8925372258805917,3.6007489410427405,1.0983963672566852,BNA,2026-06-09,rule_of_thumb
34,363.96666666666664,1.3031893477358811,2.703396514112932,0.729337508690968,BNA,2026-06-09,rule_of_thumb
35,289.1,1.356992710906339,2.875099897016588,0.5888779031041685,BNA,2026-06-09,rule_of_thumb
36,111.63333333333334,3.3831747779751704,5.504018192824901,1.4796007543332648,BNA,2026-06-09,rule_of_thumb
37,1.5333333333333334,0.3868585085626722,0.4511442779122103,0.4239074255996543,BNA,2026-06-09,rule_of_thumb
38,0.0,0.0,0.0,0.0,BNA,2026-06-09,rule_of_thumb
39,0.0,0.0,0.0,0.0,BNA,2026-06-09,rule_of_thumb
40,0.0,0.0,0.0,0.0,BNA,2026-06-09,rule_of_thumb
41,0.0,0.0,0.0,0.0,BNA,2026-06-09,rule_of_thumb
42,0.0,0.0,0.0,0.0,BNA,2026-06-09,rule_of_thumb
43,0.0,0.0,0.0,0.0,BNA,2026-06-09,rule_of_thumb
44,0.0,0.0,0.0,0.0,BNA,2026-06-09,rule_of_thumb
45,2.7333333333333334,0.0037809965790011626,0.013050956256782152,0.014654329270622542,BNA,2026-06-09,rule_of_thumb
0,393.23333333333335,4.8949659477762975e-05,0.0,0.0,BNA,2026-06-09,flat_feasible
1,661.4333333333333,0.004259226006463782,0.026081498943117756,0.01523166235678199,BNA,2026-06-09,flat_feasible
2,936.0333333333333,0.09204363598875105,0.40306589928255343,0.1009880646295909,BNA,2026-06-09,flat_feasible
3,1080.4333333333334,0.34625065003688,0.9810132511659442,0.19744888593591967,BNA,2026-06-09,flat_feasible
4,1177.2666666666667,1.455698615287606,2.6802564348447695,0.5390318477942971,BNA,2026-06-09,flat_feasible
5,1275.2666666666667,4.69712185728771,6.854524102527611,0.8782731006918884,BNA,2026-06-09,flat_feasible
6,1259.5,9.037177910459894,10.721376363685165,1.3130404016252963,BNA,2026-06-09,flat_feasible
7,1147.8666666666666,11.277406434267565,12.356669734312957,1.4577902535930198,BNA,2026-06-09,flat_feasible
8,977.3333333333334,9.938590713258394,11.671649327434647,1.3889433990748663,BNA,2026-06-09,flat_feasible
9,834.3,4.480649411356252,7.261357098715615,1.400239463742355,BNA,2026-06-09,flat_feasible
10,939.8,0.691701642113163,1.7838531296935145,0.7057945752937412,BNA,2026-06-09,flat_feasible
11,1148.1,1.1725205755301709,2.314443172823501,0.5369126059463644,BNA,2026-06-09,flat_feasible
12,1185.1,2.945118271746949,4.192702156957198,0.7478306268181848,BNA,2026-06-09,flat_feasible
13,1061.2333333333333,3.5144090088963353,4.499195932441443,0.8250279862984695,BNA,2026-06-09,flat_feasible
14,1009.5,1.9976632739136293,3.054077568119714,0.8247943165768433,BNA,2026-06-09,flat_feasible
15,957.6333333333333,0.8494048410679805,1.5846478602851133,0.6029425705366128,BNA,2026-06-09,flat_feasible
16,854.3666666666667,0.1523297210546418,0.53451318922998,0.38134451778767176,BNA,2026-06-09,flat_feasible
17,762.2666666666667,0.014060490288795144,0.09859494257192575,0.036332994287701585,BNA,2026-06-09,flat_feasible
18,737.1666666666666,0.008749726765135009,0.061840934337212314,0.03906535782188688,BNA,2026-06-09,flat_feasible
19,757.3333333333334,0.009464103088399308,0.06547583480210768,0.022619379669056562,BNA,2026-06-09,flat_feasible
20,766.8333333333334,0.01768256789299814,0.12292907062698472,0.07996709780358081,BNA,2026-06-09,flat_feasible
21,803.9,0.025381390532430995,0.15202833971294358,0.07045786303696612,BNA,2026-06-09,flat_feasible
22,826.1333333333333,0.04034998386788296,0.2122218842654628,0.07254166133923756,BNA,2026-06-09,flat_feasible
23,866.9,0.032855364158223606,0.19359909801582004,0.06699844793878144,BNA,2026-06-09,flat_feasible
24,914.0333333333333,0.08821155571949899,0.379265991928966,0.13621516431520414,BNA,2026-06-09,flat_feasible
25,973.7666666666667,0.1305694401535588,0.5260779892315653,0.12408737724858322,BNA,2026-06-09,flat_feasible
26,956.4333333333333,0.1591162471535938,0.6554201729392388,0.134393662722511,BNA,2026-06-09,flat_feasible
27,888.1333333333333,0.0778640121208946,0.409726549255286,0.12307526924747608,BNA,2026-06-09,flat_feasible
28,853.1333333333333,0.027874543036462533,0.16954988011535674,0.04189085117291166,BNA,2026-06-09,flat_feasible
29,795.8333333333334,0.015348520097522014,0.10265645322559137,0.03320072253758203,BNA,2026-06-09,flat_feasible
30,671.0333333333333,0.007159817496826054,0.04746238487042732,0.03761528654361656,BNA,2026-06-09,flat_feasible
31,524.0333333333333,0.0010624689911887008,0.007203348145910691,0.010427488052161296,BNA,2026-06-09,flat_feasible
32,396.53333333333336,8.63006849716449e-05,0.0,0.0,BNA,2026-06-09,flat_feasible
33,331.6333333333333,0.0,0.0,0.0,BNA,2026-06-09,flat_feasible
34,359.26666666666665,4.161449771352009e-05,0.0,0.0,BNA,2026-06-09,flat_feasible
35,290.5,3.829080868657065e-06,0.0,0.0,BNA,2026-06-09,flat_feasible
36,110.66666666666667,0.0,0.0,0.0,BNA,2026-06-09,flat_feasible
37,1.5333333333333334,0.0,0.0,0.0,BNA,2026-06-09,flat_feasible
38,0.0,0.0,0.0,0.0,BNA,2026-06-09,flat_feasible
39,0.0,0.0,0.0,0.0,BNA,2026-06-09,flat_feasible
40,0.0,0.0,0.0,0.0,BNA,2026-06-09,flat_feasible
41,0.0,0.0,0.0,0.0,BNA,2026-06-09,flat_feasible
42,0.0,0.0,0.0,0.0,BNA,2026-06-09,flat_feasible
43,0.0,0.0,0.0,0.0,BNA,2026-06-09,flat_feasible
44,0.0,0.0,0.0,0.0,BNA,2026-06-09,flat_feasible
45,2.5,0.0,0.0,0.0,BNA,2026-06-09,flat_feasible
0,395.26666666666665,2.598292118029543e-06,0.0,0.0,BNA,2026-06-09,peak_everywhere
1,661.4333333333333,0.0010075240255191928,0.001142805172745838,0.0012354752457837729,BNA,2026-06-09,peak_everywhere
2,927.8333333333334,0.033641572140687484,0.2049862971414242,0.13353175127396125,BNA,2026-06-09,peak_everywhere
3,1070.1333333333334,0.07029025771353098,0.38816008207197333,0.10970098331853811,BNA,2026-06-09,peak_everywhere
4,1173.2333333333333,0.232527920861527,0.8105345280148681,0.17894804012505575,BNA,2026-06-09,peak_everywhere
5,1269.4666666666667,0.7937471766213172,1.5849599618602541,0.3191598719045548,BNA,2026-06-09,peak_everywhere
6,1269.4666666666667,1.3636466405483645,2.240934052108466,0.38283280726418156,BNA,2026-06-09,peak_everywhere
7,1135.1333333333334,0.6574033765636038,1.5241671945074526,0.35824072288314096,BNA,2026-06-09,peak_everywhere
8,983.0,0.03857915575138359,0.22080031963477345,0.08848222013375585,BNA,2026-06-09,peak_everywhere
9,822.2666666666667,0.005102849031707957,0.036534004602325205,0.02630601624890506,BNA,2026-06-09,peak_everywhere
10,948.1666666666666,0.025677590105296237,0.16522835636740882,0.05758548387764317,BNA,2026-06-09,peak_everywhere
11,1138.0666666666666,0.15558524317349234,0.5695536433770221,0.14459636030100517,BNA,2026-06-09,peak_everywhere
12,1178.1666666666667,0.30782238304454235,0.9117877679112605,0.2386482982307585,BNA,2026-06-09,peak_everywhere
13,1068.3,0.16706866439294757,0.6049760578659887,0.21085560329909692,BNA,2026-06-09,peak_everywhere
14,1005.9666666666667,0.030512651014660237,0.18745844982644003,0.06476742163933956,BNA,2026-06-09,peak_everywhere
15,959.9333333333333,0.04989403157760146,0.28393708567960096,0.11376708843597091,BNA,2026-06-09,peak_everywhere
16,849.0,0.007566217474432902,0.05811629501877268,0.023866172936370063,BNA,2026-06-09,peak_everywhere
17,765.6666666666666,0.0025463427612352667,0.0146687075416444,0.012290448718713053,BNA,2026-06-09,peak_everywhere
18,739.3666666666667,0.0017593743937293104,0.007556570569540963,0.0063750029142196655,BNA,2026-06-09,peak_everywhere
19,752.8666666666667,0.0019764862290042083,0.0100840589533225,0.014818442309488266,BNA,2026-06-09,peak_everywhere
20,776.6,0.0026754180613401653,0.01682794604037321,0.014335176629164273,BNA,2026-06-09,peak_everywhere
21,806.4333333333333,0.0031942178417662436,0.020098193057526286,0.011040073921701886,BNA,2026-06-09,peak_everywhere
22,818.1,0.00503937717181996,0.03126480468677221,0.017876370105420793,BNA,2026-06-09,peak_everywhere
23,867.6333333333333,0.008628725162281274,0.06413477024790581,0.028878203814912903,BNA,2026-06-09,peak_everywhere
24,905.8333333333334,0.01620984915319452,0.11291225967835349,0.04287524743480421,BNA,2026-06-09,peak_everywhere
25,966.4333333333333,0.0232585241543246,0.16061578910002267,0.053461545203524384,BNA,2026-06-09,peak_everywhere
26,951.2333333333333,0.023497976568375975,0.16050926395761614,0.05228394983634304,BNA,2026-06-09,peak_everywhere
27,896.4333333333333,0.01082718243872571,0.07237546598474347,0.021785299148300057,BNA,2026-06-09,peak_everywhere
28,860.3666666666667,0.010002467718529872,0.07308364352011316,0.030943228730512827,BNA,2026-06-09,peak_everywhere
29,800.3333333333334,0.003461794101909276,0.017590208443681355,0.010439937711212476,BNA,2026-06-09,peak_everywhere
30,672.4333333333333,0.0009705940824717321,0.0030235800851331307,0.004407094170717965,BNA,2026-06-09,peak_everywhere
31,534.7,6.638283110284559e-05,0.0,0.0,BNA,2026-06-09,peak_everywhere
32,394.8666666666667,3.24281491479329e-08,0.0,0.0,BNA,2026-06-09,peak_everywhere
33,338.53333333333336,0.0,0.0,0.0,BNA,2026-06-09,peak_everywhere
34,353.3666666666667,0.0,0.0,0.0,BNA,2026-06-09,peak_everywhere
35,289.3666666666667,0.0,0.0,0.0,BNA,2026-06-09,peak_everywhere
36,110.06666666666666,0.0,0.0,0.0,BNA,2026-06-09,peak_everywhere
37,1.6333333333333333,0.0,0.0,0.0,BNA,2026-06-09,peak_everywhere
38,0.0,0.0,0.0,0.0,BNA,2026-06-09,peak_everywhere
39,0.0,0.0,0.0,0.0,BNA,2026-06-09,peak_everywhere
40,0.0,0.0,0.0,0.0,BNA,2026-06-09,peak_everywhere
41,0.0,0.0,0.0,0.0,BNA,2026-06-09,peak_everywhere
42,0.0,0.0,0.0,0.0,BNA,2026-06-09,peak_everywhere
43,0.0,0.0,0.0,0.0,BNA,2026-06-09,peak_everywhere
44,0.0,0.0,0.0,0.0,BNA,2026-06-09,peak_everywhere
45,2.6333333333333333,0.0,0.0,0.0,BNA,2026-06-09,peak_everywhere
0,384.53333333333336,0.012368848737642397,0.08268267427486735,0.04357453455020763,BNA,2026-06-10,optimised
1,666.5333333333333,0.4675184391603712,1.403688376010438,0.23114016763076786,BNA,2026-06-10,optimised
2,946.4666666666667,0.18245426918634836,0.7112792205753596,0.17891609399089298,BNA,2026-06-10,optimised
3,1097.8666666666666,0.5677543297236363,1.4145303266674607,0.29850391137120685,BNA,2026-06-10,optimised
4,1214.5333333333333,0.19065652000933841,0.7222734953787805,0.20157828090572763,BNA,2026-06-10,optimised
5,1317.3,0.52485638677903,1.24568700960263,0.29693243509868833,BNA,2026-06-10,optimised
6,1296.7333333333333,0.9066578128356684,1.6614591781607009,0.367413743852323,BNA,2026-06-10,optimised
7,1155.3,0.3572936857687244,0.8992074413012745,0.32253766946221374,BNA,2026-06-10,optimised
8,1010.6333333333333,0.8100503801281376,1.7030323743752929,0.3613999655046115,BNA,2026-06-10,optimised
9,843.9666666666667,0.24224033982220386,0.7540820018388102,0.24493608138762069,BNA,2026-06-10,optimised
10,959.6,0.074877657741622,0.3283117491733345,0.14864465843445815,BNA,2026-06-10,optimised
11,1164.9666666666667,0.45911353848546826,1.1569194781939338,0.29979178464205203,BNA,2026-06-10,optimised
12,1192.9666666666667,0.7040761870804428,1.3368279902984284,0.381678280063555,BNA,2026-06-10,optimised
13,1049.0666666666666,0.26751312789379117,0.686077821973491,0.3617903430157653,BNA,2026-06-10,optimised
14,994.0333333333333,0.06839769140829514,0.3221276697986492,0.13205988579001582,BNA,2026-06-10,optimised
15,942.7333333333333,0.023382706480412123,0.15613892002519236,0.05645551282018694,BNA,2026-06-10,optimised
16,855.1666666666666,0.8629312827603981,1.8198674052686585,0.3661585372131208,BNA,2026-06-10,optimised
17,780.2,0.6312448630620968,1.4447796262833401,0.3523800370276138,BNA,2026-06-10,optimised
18,766.3666666666667,0.9320441560324693,1.7835812673396358,0.48529141946373255,BNA,2026-06-10,optimised
19,782.1,1.465751827758759,2.41272972599315,0.5840521028924844,BNA,2026-06-10,optimised
20,783.4666666666667,1.4880151446219319,2.5467905863778024,0.5575642551650459,BNA,2026-06-10,optimised
21,797.8,1.714847234363113,2.7701234649900472,0.6039660479523038,BNA,2026-06-10,optimised
22,813.7333333333333,1.0734714882800385,2.132539326837649,0.5213970851342004,BNA,2026-06-10,optimised
23,865.3333333333334,1.0333068004633192,1.9590231380756473,0.629526158606573,BNA,2026-06-10,optimised
24,958.1666666666666,0.974285377946475,1.8844333722722262,0.6708320383434785,BNA,2026-06-10,optimised
25,1025.6333333333334,0.9902141086157392,1.7822806228093337,0.5722352904413152,BNA,2026-06-10,optimised
26,988.1666666666666,1.2108579542779736,2.0706741684108554,0.7801668561297063,BNA,2026-06-10,optimised
27,881.9,0.6792868116210898,1.4325936899168747,0.7548550859560932,BNA,2026-06-10,optimised
28,818.4666666666667,0.7289351890904907,1.6512724786617305,0.401072786008865,BNA,2026-06-10,optimised
29,770.5333333333333,0.47189209987171143,1.2404237996443443,0.27619184824541615,BNA,2026-06-10,optimised
30,668.8,0.021154837907432153,0.14158516138341906,0.09489484853764645,BNA,2026-06-10,optimised
31,560.8,0.001833430004975267,0.008403800984774135,0.007362537758398399,BNA,2026-06-10,optimised
32,420.26666666666665,0.004170364770629411,0.028927723029009537,0.02540958899685212,BNA,2026-06-10,optimised
33,347.2,0.0017632340395610869,0.0060149645829953,0.008809268383998401,BNA,2026-06-10,optimised
34,361.3666666666667,0.5796671935219092,1.5850698497557416,0.3680087318449908,BNA,2026-06-10,optimised
35,288.43333333333334,0.47426054289902486,1.3190255357465548,0.46807471834512404,BNA,2026-06-10,optimised
36,109.5,0.19486403859151455,0.8678202604850854,0.24686063241422002,BNA,2026-06-10,optimised
37,1.8333333333333333,0.0,0.0,0.0,BNA,2026-06-10,optimised
38,0.0,0.0,0.0,0.0,BNA,2026-06-10,optimised
39,0.0,0.0,0.0,0.0,BNA,2026-06-10,optimised
40,0.0,0.0,0.0,0.0,BNA,2026-06-10,optimised
41,0.0,0.0,0.0,0.0,BNA,2026-06-10,optimised
42,0.0,0.0,0.0,0.0,BNA,2026-06-10,optimised
43,0.0,0.0,0.0,0.0,BNA,2026-06-10,optimised
44,0.0,0.0,0.0,0.0,BNA,2026-06-10,optimised
45,1.5,0.0,0.0,0.0,BNA,2026-06-10,optimised
0,389.6666666666667,0.8473219519806212,2.24963396970291,0.3866031683206016,BNA,2026-06-10,rule_of_thumb
1,657.3666666666667,0.581545689915991,1.568721081057381,0.3305913597406469,BNA,2026-06-10,rule_of_thumb
2,941.6333333333333,0.8024173384564585,1.7115388769471802,0.35452678332661347,BNA,2026-06-10,rule_of_thumb
3,1105.7666666666667,1.1525135789168894,2.006713685920933,0.42197531575933916,BNA,2026-06-10,rule_of_thumb
4,1212.2,0.9148982599445371,1.7652848070446168,0.4879929426725473,BNA,2026-06-10,rule_of_thumb
5,1317.5333333333333,1.002492950171144,1.6722873254091664,0.588539319073441,BNA,2026-06-10,rule_of_thumb
6,1301.1,1.0481387456689986,1.7816225053701684,0.5687717865776888,BNA,2026-06-10,rule_of_thumb
7,1152.7333333333333,1.375731629565426,2.2283730811725135,0.6276159586066155,BNA,2026-06-10,rule_of_thumb
8,1019.8666666666667,1.6581173510726297,2.6211016052654936,0.6068239458495308,BNA,2026-06-10,rule_of_thumb
9,864.2333333333333,2.1248365828091056,3.0764301518923665,0.6980244884234679,BNA,2026-06-10,rule_of_thumb
10,972.6333333333333,0.9261955811072178,1.7962745797755002,0.6002862458529157,BNA,2026-06-10,rule_of_thumb
11,1166.0333333333333,1.0993161253371235,1.9138760305107638,0.5147309276969869,BNA,2026-06-10,rule_of_thumb
12,1195.3,1.439193374316121,2.366580647310287,0.57673358738369,BNA,2026-06-10,rule_of_thumb
13,1055.5,1.6849580293676556,2.609900073508392,0.6782815248303357,BNA,2026-06-10,rule_of_thumb
14,989.4,1.4367085640315598,2.262239275712124,0.6841195350067203,BNA,2026-06-10,rule_of_thumb
15,941.9666666666667,2.1187328634655986,3.0486350289082234,0.8385572857706178,BNA,2026-06-10,rule_of_thumb
16,842.1666666666666,2.63989268054545,3.626072774235943,1.034884958548182,BNA,2026-06-10,rule_of_thumb
17,777.3,2.548429845948675,3.4739718512079723,1.0381676353606217,BNA,2026-06-10,rule_of_thumb
18,752.7333333333333,2.3305958668469446,3.2955817640377254,1.0158654438522925,BNA,2026-06-10,rule_of_thumb
19,776.3333333333334,2.140750631626569,3.1166778366119474,1.0031119495457823,BNA,2026-06-10,rule_of_thumb
20,792.8333333333334,2.4574648822467986,3.6722450185718793,0.9879109961654725,BNA,2026-06-10,rule_of_thumb
21,796.7333333333333,3.0048240856419732,4.075440965709913,0.8688161590174959,BNA,2026-06-10,rule_of_thumb
22,804.0,1.8997162485443566,3.2539480434040557,0.9612675973255081,BNA,2026-06-10,rule_of_thumb
23,865.0,1.377567844909813,2.4403573314309086,0.6793052929106709,BNA,2026-06-10,rule_of_thumb
24,965.4666666666667,1.7454337571851466,2.6808377113875492,0.5715753468715348,BNA,2026-06-10,rule_of_thumb
25,1016.7,2.0785722467552423,3.1092076445062062,0.598155689095063,BNA,2026-06-10,rule_of_thumb
26,973.3,1.6279363502894317,2.5259668768288126,0.7187372744267813,BNA,2026-06-10,rule_of_thumb
27,874.8,1.2114182204688257,2.0490223630981452,0.6867866498534785,BNA,2026-06-10,rule_of_thumb
28,829.1333333333333,1.1833929474900517,1.948482698624066,0.6368538411464091,BNA,2026-06-10,rule_of_thumb
29,777.1,1.252426774702529,2.347593363506174,0.7168476417631663,BNA,2026-06-10,rule_of_thumb
30,678.8,1.7020918856831335,2.761956132923948,0.7722957472592888,BNA,2026-06-10,rule_of_thumb
31,563.3333333333334,2.504991669759984,3.932235623872892,0.8005190481945177,BNA,2026-06-10,rule_of_thumb
32,416.73333333333335,2.5905817628854253,4.120490707110155,1.0875380840506739,BNA,2026-06-10,rule_of_thumb
33,351.8666666666667,1.8466307252382588,3.1406535993861837,1.1975939530166795,BNA,2026-06-10,rule_of_thumb
34,363.26666666666665,2.006604454254424,3.40693421554474,1.3183164609740647,BNA,2026-06-10,rule_of_thumb
35,293.9,2.657910622881272,4.593941595004091,2.266691639737005,BNA,2026-06-10,rule_of_thumb
36,111.33333333333333,5.936718632151783,8.424639064707353,4.232762534800174,BNA,2026-06-10,rule_of_thumb
37,2.2,3.300114938614227,3.6321400401978945,3.8169798868020206,BNA,2026-06-10,rule_of_thumb
38,0.0,0.0,0.0,0.0,BNA,2026-06-10,rule_of_thumb
39,0.0,0.0,0.0,0.0,BNA,2026-06-10,rule_of_thumb
40,0.0,0.0,0.0,0.0,BNA,2026-06-10,rule_of_thumb
41,0.0,0.0,0.0,0.0,BNA,2026-06-10,rule_of_thumb
42,0.0,0.0,0.0,0.0,BNA,2026-06-10,rule_of_thumb
43,0.0,0.0,0.0,0.0,BNA,2026-06-10,rule_of_thumb
44,0.0,0.0,0.0,0.0,BNA,2026-06-10,rule_of_thumb
45,1.8333333333333333,0.001231080425092538,0.0033239171477498523,0.0065147578987136325,BNA,2026-06-10,rule_of_thumb
0,380.46666666666664,0.0,0.0,0.0,BNA,2026-06-10,flat_feasible
1,667.5,0.0024370807841149907,0.011986320060639485,0.011557194667999048,BNA,2026-06-10,flat_feasible
2,947.9333333333333,0.055711140245053775,0.2711096753933583,0.09659641092275674,BNA,2026-06-10,flat_feasible
3,1104.1333333333334,0.2638866513277794,0.788732969600178,0.2361208839831697,BNA,2026-06-10,flat_feasible
4,1216.0333333333333,0.8287251940094613,1.8594565517011816,0.4158866856305827,BNA,2026-06-10,flat_feasible
5,1305.3,2.8328458933908984,4.125086994724356,0.670345613484163,BNA,2026-06-10,flat_feasible
6,1307.9,5.6137397280098025,7.024743191771683,0.9101753035772906,BNA,2026-06-10,flat_feasible
7,1142.3666666666666,6.300709679171354,7.349884794746187,1.0543398269533633,BNA,2026-06-10,flat_feasible
8,1007.0666666666667,3.3848905493959176,5.186020559180505,1.0296909547850368,BNA,2026-06-10,flat_feasible
9,857.8,0.4593492594423202,1.363190664743185,0.6401971550084207,BNA,2026-06-10,flat_feasible
10,959.6333333333333,0.04850419607497079,0.2578677358243975,0.07567656607287374,BNA,2026-06-10,flat_feasible
11,1168.3,0.43893595113509,1.3423848449104494,0.2309062813660169,BNA,2026-06-10,flat_feasible
12,1197.6333333333334,1.2717904713425712,2.1732550215779396,0.4703960418076573,BNA,2026-06-10,flat_feasible
13,1059.6333333333334,1.0118750568648283,1.97699390027585,0.5088306023788856,BNA,2026-06-10,flat_feasible
14,993.8333333333334,0.11419336438609987,0.5983762218433163,0.20908086692079014,BNA,2026-06-10,flat_feasible
15,946.2333333333333,0.04206748526055282,0.23005306481432694,0.06392920154568275,BNA,2026-06-10,flat_feasible
16,854.7333333333333,0.018241264900689273,0.1253472185541321,0.07021421037503615,BNA,2026-06-10,flat_feasible
17,776.8333333333334,0.003213357148725136,0.020553255443298477,0.008809785755164718,BNA,2026-06-10,flat_feasible
18,762.0666666666667,0.008043942979554321,0.05702252662054184,0.03582588447713315,BNA,2026-06-10,flat_feasible
19,778.3666666666667,0.009045582534303142,0.0671423135718128,0.04260299437821562,BNA,2026-06-10,flat_feasible
20,789.9333333333333,0.0137915716271382,0.08653669439077735,0.0711380523836727,BNA,2026-06-10,flat_feasible
21,795.7,0.0054612664699947395,0.03679269765860717,0.017489190135078842,BNA,2026-06-10,flat_feasible
22,807.0666666666667,0.008612802523415968,0.06378897512440794,0.02369086542881896,BNA,2026-06-10,flat_feasible
23,883.3333333333334,0.016714714262665534,0.11086988835615585,0.03784179747770274,BNA,2026-06-10,flat_feasible
24,938.6333333333333,0.03275583822139232,0.20311448819397704,0.06629742847685023,BNA,2026-06-10,flat_feasible
25,1005.4,0.0885906213936422,0.41658429092168014,0.11005896408468739,BNA,2026-06-10,flat_feasible
26,985.4333333333333,0.060504627288393516,0.28897818675112213,0.09022868320418315,BNA,2026-06-10,flat_feasible
27,873.6333333333333,0.01720051060234889,0.11584233736774359,0.03252542030832458,BNA,2026-06-10,flat_feasible
28,831.4666666666667,0.02290686472820475,0.13109719875324186,0.09280217330733731,BNA,2026-06-10,flat_feasible
29,783.2666666666667,0.005938405243366977,0.04150512914960694,0.022577499501665228,BNA,2026-06-10,flat_feasible
30,678.2666666666667,0.0012076386777730148,0.0033190690722290066,0.003326880849200228,BNA,2026-06-10,flat_feasible
31,564.6333333333333,0.0004631335130378644,0.0,0.0,BNA,2026-06-10,flat_feasible
32,417.3333333333333,3.4232547051506497e-06,0.0,0.0,BNA,2026-06-10,flat_feasible
33,352.3666666666667,0.0,0.0,0.0,BNA,2026-06-10,flat_feasible
34,364.73333333333335,4.820985716850668e-06,0.0,0.0,BNA,2026-06-10,flat_feasible
35,286.53333333333336,0.0,0.0,0.0,BNA,2026-06-10,flat_feasible
36,112.06666666666666,0.0,0.0,0.0,BNA,2026-06-10,flat_feasible
37,1.5,0.0,0.0,0.0,BNA,2026-06-10,flat_feasible
38,0.0,0.0,0.0,0.0,BNA,2026-06-10,flat_feasible
39,0.0,0.0,0.0,0.0,BNA,2026-06-10,flat_feasible
40,0.0,0.0,0.0,0.0,BNA,2026-06-10,flat_feasible
41,0.0,0.0,0.0,0.0,BNA,2026-06-10,flat_feasible
42,0.0,0.0,0.0,0.0,BNA,2026-06-10,flat_feasible
43,0.0,0.0,0.0,0.0,BNA,2026-06-10,flat_feasible
44,0.0,0.0,0.0,0.0,BNA,2026-06-10,flat_feasible
45,1.4,0.0,0.0,0.0,BNA,2026-06-10,flat_feasible
0,391.9,0.0,0.0,0.0,BNA,2026-06-10,peak_everywhere
1,665.5,0.000756176331186471,0.002688257895128976,0.005268888656844699,BNA,2026-06-10,peak_everywhere
2,942.1666666666666,0.013441074984529048,0.09239539231403149,0.0457919937942079,BNA,2026-06-10,peak_everywhere
3,1097.1666666666667,0.05958783337198615,0.28770644244358773,0.10808791795970686,BNA,2026-06-10,peak_everywhere
4,1209.4666666666667,0.17692990238270567,0.6675701834682299,0.15065002996732116,BNA,2026-06-10,peak_everywhere
5,1316.3,0.5602736438660731,1.2095106373356057,0.1950095304300426,BNA,2026-06-10,peak_everywhere
6,1297.3,0.5284264379890409,1.158537264021724,0.2412406226094845,BNA,2026-06-10,peak_everywhere
7,1145.2333333333333,0.15427174105997649,0.569664303243577,0.1990597327531094,BNA,2026-06-10,peak_everywhere
8,1007.0333333333333,0.019291451593605437,0.13832486075775519,0.046273974345475914,BNA,2026-06-10,peak_everywhere
9,857.3333333333334,0.004722815851119901,0.034150515626547695,0.02334342050483068,BNA,2026-06-10,peak_everywhere
10,970.7666666666667,0.016112718371428213,0.10800191908038227,0.03852055665580745,BNA,2026-06-10,peak_everywhere
11,1170.4,0.13760277106961474,0.5119898169150613,0.16120371536896416,BNA,2026-06-10,peak_everywhere
12,1197.6666666666667,0.1740655606420852,0.6250683152858304,0.17204311277278453,BNA,2026-06-10,peak_everywhere
13,1059.2333333333333,0.04307730679244291,0.2513063166200519,0.11027995809480799,BNA,2026-06-10,peak_everywhere
14,997.8333333333334,0.016694815968592257,0.12168477932698364,0.03668395649692103,BNA,2026-06-10,peak_everywhere
15,940.0333333333333,0.012676974188804844,0.0772012912959265,0.04544707502563937,BNA,2026-06-10,peak_everywhere
16,851.3333333333334,0.005356730064246599,0.033469053020483905,0.030666998925930337,BNA,2026-06-10,peak_everywhere
17,780.6666666666666,0.001096114284997869,0.004087820847146481,0.004934661735410179,BNA,2026-06-10,peak_everywhere
18,758.4666666666667,0.001030096709337101,0.002153347348896086,0.0025746445206208364,BNA,2026-06-10,peak_everywhere
19,766.1333333333333,0.0008076683571660217,0.002119935533917391,0.002234704469443389,BNA,2026-06-10,peak_everywhere
20,801.0,0.0012498695478936057,0.0027958731071832123,0.002574508787329543,BNA,2026-06-10,peak_everywhere
21,801.8333333333334,0.0017932512092532155,0.008102810212655317,0.006599945724400848,BNA,2026-06-10,peak_everywhere
22,800.2,0.002019581658639302,0.00955125471171678,0.009953081262769486,BNA,2026-06-10,peak_everywhere
23,877.8333333333334,0.0062574911511820526,0.04236234152490998,0.02013833437616206,BNA,2026-06-10,peak_everywhere
24,956.9333333333333,0.01241899001305633,0.09645502130561032,0.03531366145298189,BNA,2026-06-10,peak_everywhere
25,1018.3333333333334,0.023680201066046378,0.15761993934729382,0.07267671877021824,BNA,2026-06-10,peak_everywhere
26,978.9333333333333,0.016140189671686837,0.10958940675049514,0.05267077155973745,BNA,2026-06-10,peak_everywhere
27,884.6666666666666,0.004058261261940143,0.026251640452259133,0.009747523964223986,BNA,2026-06-10,peak_everywhere
28,821.0,0.0030732094592919573,0.014851208664640165,0.00935374677986149,BNA,2026-06-10,peak_everywhere
29,771.4333333333333,0.001204379710942672,0.0060432786441704965,0.0060439182347127585,BNA,2026-06-10,peak_everywhere
30,676.9666666666667,0.0003165438499674079,0.0,0.0,BNA,2026-06-10,peak_everywhere
31,562.0333333333333,5.474334681949878e-05,0.0,0.0,BNA,2026-06-10,peak_everywhere
32,417.4,4.636628405538203e-06,0.0,0.0,BNA,2026-06-10,peak_everywhere
33,348.73333333333335,0.0,0.0,0.0,BNA,2026-06-10,peak_everywhere
34,357.1,0.0,0.0,0.0,BNA,2026-06-10,peak_everywhere
35,294.3,0.0,0.0,0.0,BNA,2026-06-10,peak_everywhere
36,111.06666666666666,0.0,0.0,0.0,BNA,2026-06-10,peak_everywhere
37,1.6666666666666667,0.0,0.0,0.0,BNA,2026-06-10,peak_everywhere
38,0.0,0.0,0.0,0.0,BNA,2026-06-10,peak_everywhere
39,0.0,0.0,0.0,0.0,BNA,2026-06-10,peak_everywhere
40,0.0,0.0,0.0,0.0,BNA,2026-06-10,peak_everywhere
41,0.0,0.0,0.0,0.0,BNA,2026-06-10,peak_everywhere
42,0.0,0.0,0.0,0.0,BNA,2026-06-10,peak_everywhere
43,0.0,0.0,0.0,0.0,BNA,2026-06-10,peak_everywhere
44,0.0,0.0,0.0,0.0,BNA,2026-06-10,peak_everywhere
45,2.4,0.0,0.0,0.0,BNA,2026-06-10,peak_everywhere
0,418.73333333333335,0.01698682279317461,0.12732175617877348,0.032173642783809485,BNA,2026-06-11,optimised
1,705.4666666666667,0.5216733207121546,1.5383471656327539,0.31272551048636305,BNA,2026-06-11,optimised
2,963.5333333333333,0.16765085444989794,0.7087442535416256,0.19346185491247747,BNA,2026-06-11,optimised
3,1108.8666666666666,0.6062434288010953,1.3661463817823618,0.25242007117620824,BNA,2026-06-11,optimised
4,1250.1666666666667,0.1524691889139889,0.6546707607692698,0.16273884824978924,BNA,2026-06-11,optimised
5,1393.2333333333333,0.44474823255932544,1.0784956507005072,0.2813692522136538,BNA,2026-06-11,optimised
6,1439.0666666666666,1.1650459636505766,1.9662056245150268,0.38812786350060635,BNA,2026-06-11,optimised
7,1294.0333333333333,1.2137032084647879,1.9914309425007497,0.5986213552841124,BNA,2026-06-11,optimised
8,1130.9,1.1539103909858923,2.0926891473278837,0.48988985818328556,BNA,2026-06-11,optimised
9,954.3666666666667,0.2609561012304635,0.8430495248480321,0.3443386860021792,BNA,2026-06-11,optimised
10,1035.7,0.07665975379467606,0.38217160958500696,0.15958599573382148,BNA,2026-06-11,optimised
11,1218.0,0.4357670347004349,1.1170644389970712,0.2979820721674519,BNA,2026-06-11,optimised
12,1231.8666666666666,0.9349315352352437,1.7184118444839354,0.3975691278206901,BNA,2026-06-11,optimised
13,1032.2333333333333,0.32809198582847976,1.021575343436776,0.3788320618638922,BNA,2026-06-11,optimised
14,930.7666666666667,0.00421705657432663,0.028215973223547363,0.015220538521880777,BNA,2026-06-11,optimised
15,909.7666666666667,0.0027684236575046357,0.014731695296915925,0.009539324166450763,BNA,2026-06-11,optimised
16,955.5,0.21609957404718763,0.7825661611597534,0.14475928987447237,BNA,2026-06-11,optimised
17,1031.2,0.9326392462715198,1.70462701137031,0.3061354116839421,BNA,2026-06-11,optimised
18,1060.2,0.9725747430919115,1.857290760236864,0.4542032647794241,BNA,2026-06-11,optimised
19,1009.8,0.5680663406720228,1.30377533663865,0.39540265519707457,BNA,2026-06-11,optimised
20,899.1666666666666,0.7818976901365123,1.6152347416012882,0.38128353803117404,BNA,2026-06-11,optimised
21,765.9333333333333,0.3305440332943189,0.8627134136098008,0.38864407808822554,BNA,2026-06-11,optimised
22,687.7,0.23517329269821577,0.8091871299274662,0.1957416962203695,BNA,2026-06-11,optimised
23,693.1,0.24769218589795275,0.8491743063507031,0.19175539293182495,BNA,2026-06-11,optimised
24,741.4666666666667,0.5540988760698203,1.3003295906489845,0.33532479922510916,BNA,2026-06-11,optimised
25,785.6666666666666,0.8733187411438122,1.7522970439949836,0.3690681754935588,BNA,2026-06-11,optimised
26,808.0,0.209731197116343,0.8504132616826319,0.29874287322101406,BNA,2026-06-11,optimised
27,809.8,0.04909024425602176,0.27762123795663646,0.077464866836854,BNA,2026-06-11,optimised
28,827.6333333333333,0.4805654352697314,1.2947192485853347,0.3479652337870943,BNA,2026-06-11,optimised
29,833.1,0.7628054796247665,1.5350371542567463,0.3490253566995959,BNA,2026-06-11,optimised
30,764.0333333333333,0.026787692452780947,0.18696916394204505,0.11355041080726093,BNA,2026-06-11,optimised
31,650.0666666666667,0.001980348987507392,0.010368975184092022,0.009163452762618497,BNA,2026-06-11,optimised
32,541.3333333333334,0.000423694592166723,0.0006692896995082512,0.001311783706567645,BNA,2026-06-11,optimised
33,396.46666666666664,0.0007011820312770797,0.0,0.0,BNA,2026-06-11,optimised
34,280.3666666666667,0.23965047049931582,1.0236914855802486,0.35283597718287,BNA,2026-06-11,optimised
35,309.03333333333336,0.3251650756941008,1.2282759624578532,0.3196296303484974,BNA,2026-06-11,optimised
36,319.1,0.44049297592586983,1.3780503612091273,0.30396315076317315,BNA,2026-06-11,optimised
37,253.93333333333334,0.15351988297754193,0.6176103913457295,0.24935250241370271,BNA,2026-06-11,optimised
38,97.06666666666666,1.3484764536285099,2.8609527261479784,0.7150979125559165,BNA,2026-06-11,optimised
39,3.066666666666667,0.0010807434723271096,0.003674527805912171,0.007201942161468922,BNA,2026-06-11,optimised
40,0.0,0.0,0.0,0.0,BNA,2026-06-11,optimised
41,0.0,0.0,0.0,0.0,BNA,2026-06-11,optimised
42,0.0,0.0,0.0,0.0,BNA,2026-06-11,optimised
43,0.0,0.0,0.0,0.0,BNA,2026-06-11,optimised
44,0.0,0.0,0.0,0.0,BNA,2026-06-11,optimised
45,2.066666666666667,0.11182175370673958,0.16244058808192788,0.28886970398088985,BNA,2026-06-11,optimised
0,427.1666666666667,0.5140790027390089,1.6204765571935733,0.2962198329762201,BNA,2026-06-11,rule_of_thumb
1,703.8,0.8051508278718109,1.8857429882940184,0.27193409950745234,BNA,2026-06-11,rule_of_thumb
2,947.9,1.3154265847695508,2.47800127103967,0.471528882548674,BNA,2026-06-11,rule_of_thumb
3,1102.0,1.7289959646908477,2.656298176244071,0.46857251065232597,BNA,2026-06-11,rule_of_thumb
4,1243.3666666666666,1.3932909553341226,2.157232505518128,0.4741121908424972,BNA,2026-06-11,rule_of_thumb
5,1392.8,0.930023158135183,1.8133906960506394,0.38024843194339053,BNA,2026-06-11,rule_of_thumb
6,1431.7666666666667,1.4228261865258574,2.265275563126351,0.5858892853870499,BNA,2026-06-11,rule_of_thumb
7,1297.4333333333334,1.7132960785321418,2.616521913419482,0.7844074761562018,BNA,2026-06-11,rule_of_thumb
8,1140.9333333333334,1.5184996214135194,2.407191027410525,0.9026651945248323,BNA,2026-06-11,rule_of_thumb
9,972.0333333333333,1.4549212589519327,2.4843076954002226,0.8324058725648467,BNA,2026-06-11,rule_of_thumb
10,1032.1,1.2601223599117441,2.2203384867577234,0.5002085163540534,BNA,2026-06-11,rule_of_thumb
11,1221.4666666666667,1.2842665850232595,2.3417629814541217,0.5165690958037684,BNA,2026-06-11,rule_of_thumb
12,1224.1333333333334,1.3199144951788357,2.2043053315406262,0.669040381953627,BNA,2026-06-11,rule_of_thumb
13,1036.8333333333333,2.208186436741556,3.2552308665330303,0.7345831909446455,BNA,2026-06-11,rule_of_thumb
14,931.4666666666667,2.0443541710162147,3.0618901098065896,0.756920641209537,BNA,2026-06-11,rule_of_thumb
15,902.8666666666667,1.657600319755639,2.6027562839056895,0.7766934153952245,BNA,2026-06-11,rule_of_thumb
16,948.3,1.7927650728262776,2.7681762852896963,0.712266834800001,BNA,2026-06-11,rule_of_thumb
17,1038.1,1.8728939745764657,2.6783189768735722,0.7253754434444792,BNA,2026-06-11,rule_of_thumb
18,1067.2,1.9307724143840956,2.8727231932843704,0.9709539555577807,BNA,2026-06-11,rule_of_thumb
19,1005.4333333333333,2.161761647697833,3.041030846488243,1.094218654700106,BNA,2026-06-11,rule_of_thumb
20,888.7666666666667,2.1129965663759602,2.902850950900811,1.1622371973165495,BNA,2026-06-11,rule_of_thumb
21,765.6666666666666,2.1135864652887393,3.184347355113821,0.9770205488226728,BNA,2026-06-11,rule_of_thumb
22,686.3666666666667,2.101019632731416,3.187232345271535,1.0058449247173826,BNA,2026-06-11,rule_of_thumb
23,688.3333333333334,2.428127466592858,3.6560687353204804,1.1549594494982853,BNA,2026-06-11,rule_of_thumb
24,751.9666666666667,1.8188467794536043,2.8525592915366755,1.0101880659085325,BNA,2026-06-11,rule_of_thumb
25,792.3,2.00410432606221,3.131302153702916,0.8542324565862564,BNA,2026-06-11,rule_of_thumb
26,800.4,1.4728454909881636,2.6238939552637226,0.8020981344676396,BNA,2026-06-11,rule_of_thumb
27,815.0333333333333,0.8873415157404644,1.8014498952135247,0.5750080379728352,BNA,2026-06-11,rule_of_thumb
28,828.2,1.0043026045437806,1.761944053168808,0.4566089473842477,BNA,2026-06-11,rule_of_thumb
29,839.0,1.2936755382899936,2.273578282146909,0.4550790315088333,BNA,2026-06-11,rule_of_thumb
30,760.0333333333333,1.5821506955130744,2.7032169440024294,0.6432727608479646,BNA,2026-06-11,rule_of_thumb
31,650.3666666666667,1.0451991003590027,2.084738925343527,0.6067888817694945,BNA,2026-06-11,rule_of_thumb
32,526.2666666666667,1.344582223178084,2.427189766702628,0.5752750297072592,BNA,2026-06-11,rule_of_thumb
33,391.3333333333333,2.586482095129221,4.220475806293947,1.0334415507675199,BNA,2026-06-11,rule_of_thumb
34,282.53333333333336,3.0268486747235506,4.5133432598031025,1.1383976365630453,BNA,2026-06-11,rule_of_thumb
35,306.2,1.855650444112954,3.390142131833781,0.7450074580650639,BNA,2026-06-11,rule_of_thumb
36,325.43333333333334,1.3320830229315084,2.7620354451242393,0.8319793041610001,BNA,2026-06-11,rule_of_thumb
37,260.8,0.9865246483868025,2.3548583023502068,0.7023365460796042,BNA,2026-06-11,rule_of_thumb
38,98.33333333333333,1.250567959305717,2.6999188938925687,0.732842887226668,BNA,2026-06-11,rule_of_thumb
39,2.1333333333333333,0.09979381484526459,0.27106788810103916,0.30263582161511793,BNA,2026-06-11,rule_of_thumb
40,0.0,0.0,0.0,0.0,BNA,2026-06-11,rule_of_thumb
41,0.0,0.0,0.0,0.0,BNA,2026-06-11,rule_of_thumb
42,0.0,0.0,0.0,0.0,BNA,2026-06-11,rule_of_thumb
43,0.0,0.0,0.0,0.0,BNA,2026-06-11,rule_of_thumb
44,0.0,0.0,0.0,0.0,BNA,2026-06-11,rule_of_thumb
45,1.9333333333333333,0.005402420486585571,0.016178202986759514,0.018057260812584863,BNA,2026-06-11,rule_of_thumb
0,416.8666666666667,2.6732260843931365e-05,0.0,0.0,BNA,2026-06-11,flat_feasible
1,700.0333333333333,0.0008766478909102442,0.002940956916251113,0.0035887902659634506,BNA,2026-06-11,flat_feasible
2,952.4333333333333,0.016023054712207985,0.10489512700272079,0.03694495243751225,BNA,2026-06-11,flat_feasible
3,1114.0333333333333,0.11513735357818515,0.4978536253771217,0.13865097005545984,BNA,2026-06-11,flat_feasible
4,1237.0,0.5793144270406423,1.4166999719105002,0.3439285830263942,BNA,2026-06-11,flat_feasible
5,1400.6666666666667,2.451217044659623,4.2648277206910485,0.7527812159761231,BNA,2026-06-11,flat_feasible
6,1428.4,6.293605794309703,8.023806226957802,0.9737696705605641,BNA,2026-06-11,flat_feasible
7,1304.7,8.534192689324902,9.674096739921328,1.1538656804196576,BNA,2026-06-11,flat_feasible
8,1131.2,6.972419059674819,8.44559589896586,1.2866781189880117,BNA,2026-06-11,flat_feasible
9,968.8,2.6277611670000685,4.812428174734804,1.236047635549729,BNA,2026-06-11,flat_feasible
10,1032.9333333333334,0.23437335431520406,0.7567287544962109,0.4455528783594824,BNA,2026-06-11,flat_feasible
11,1226.0333333333333,0.3411813480896119,0.9394568497288575,0.18028745422849446,BNA,2026-06-11,flat_feasible
12,1228.3666666666666,0.9273445552616776,1.7449922985553141,0.337921206823655,BNA,2026-06-11,flat_feasible
13,1043.6,0.2905117282867128,0.8776019360488722,0.3494540700534696,BNA,2026-06-11,flat_feasible
14,937.1666666666666,0.016217142192889115,0.10901546827673593,0.02312206195872537,BNA,2026-06-11,flat_feasible
15,895.5,0.01483317803544294,0.10001763129402028,0.0397819468281839,BNA,2026-06-11,flat_feasible
16,955.2333333333333,0.02043874481521697,0.14335300404578138,0.050291632974018924,BNA,2026-06-11,flat_feasible
17,1039.6,0.06952918584691097,0.3876461097603672,0.09004738354744776,BNA,2026-06-11,flat_feasible
18,1069.4333333333334,0.06849338664636886,0.31789009670288265,0.10024756609876637,BNA,2026-06-11,flat_feasible
19,1001.8,0.053024095800621486,0.24484476462488516,0.11456696268520412,BNA,2026-06-11,flat_feasible
20,888.6333333333333,0.018563953638748854,0.12384927333598751,0.075983926555872,BNA,2026-06-11,flat_feasible
21,755.3666666666667,0.004219251774890662,0.030321397573353896,0.019387934786363983,BNA,2026-06-11,flat_feasible
22,681.7666666666667,0.00048136027105668503,0.00010449593302837454,0.00020480826531458604,BNA,2026-06-11,flat_feasible
23,701.6666666666666,0.0015048951230264185,0.008694565149656337,0.00814446991247179,BNA,2026-06-11,flat_feasible
24,741.1333333333333,0.0017211192825775815,0.007124114134729572,0.007413072336076921,BNA,2026-06-11,flat_feasible
25,782.3666666666667,0.002579096347284218,0.013081648871015103,0.010886267448441882,BNA,2026-06-11,flat_feasible
26,809.9333333333333,0.005758864128314902,0.04401261607367277,0.022244131512534134,BNA,2026-06-11,flat_feasible
27,811.6333333333333,0.0026456793444784386,0.015401148091114902,0.011469620270326372,BNA,2026-06-11,flat_feasible
28,833.9666666666667,0.009759382130613567,0.07065996619198509,0.06548685958873267,BNA,2026-06-11,flat_feasible
29,840.2666666666667,0.0035635383812840566,0.025003300960554847,0.00825186784812983,BNA,2026-06-11,flat_feasible
30,764.8,0.003888511727974724,0.024712278719899044,0.033685734240506235,BNA,2026-06-11,flat_feasible
31,641.4333333333333,0.0003339086524537159,0.0,0.0,BNA,2026-06-11,flat_feasible
32,524.1,0.00020359180354358937,0.0,0.0,BNA,2026-06-11,flat_feasible
33,394.9,3.755252886106531e-07,0.0,0.0,BNA,2026-06-11,flat_feasible
34,281.73333333333335,0.0,0.0,0.0,BNA,2026-06-11,flat_feasible
35,310.06666666666666,0.0,0.0,0.0,BNA,2026-06-11,flat_feasible
36,323.8333333333333,0.0,0.0,0.0,BNA,2026-06-11,flat_feasible
37,257.6333333333333,0.0,0.0,0.0,BNA,2026-06-11,flat_feasible
38,98.23333333333333,0.0,0.0,0.0,BNA,2026-06-11,flat_feasible
39,2.3666666666666667,0.0,0.0,0.0,BNA,2026-06-11,flat_feasible
40,0.0,0.0,0.0,0.0,BNA,2026-06-11,flat_feasible
41,0.0,0.0,0.0,0.0,BNA,2026-06-11,flat_feasible
42,0.0,0.0,0.0,0.0,BNA,2026-06-11,flat_feasible
43,0.0,0.0,0.0,0.0,BNA,2026-06-11,flat_feasible
44,0.0,0.0,0.0,0.0,BNA,2026-06-11,flat_feasible
45,1.8,0.0,0.0,0.0,BNA,2026-06-11,flat_feasible
0,421.2,0.0,0.0,0.0,BNA,2026-06-11,peak_everywhere
1,703.3,0.0003299613204975469,0.0,0.0,BNA,2026-06-11,peak_everywhere
2,960.1,0.006858837836736073,0.04624827983429749,0.024294186725694205,BNA,2026-06-11,peak_everywhere
3,1103.8,0.018649985849637025,0.12662615733951982,0.040070884422241826,BNA,2026-06-11,peak_everywhere
4,1240.8666666666666,0.12295681932120099,0.5012886908628189,0.16553320020508466,BNA,2026-06-11,peak_everywhere
5,1404.3333333333333,0.5585572794611541,1.2320734106862425,0.276488557900004,BNA,2026-06-11,peak_everywhere
6,1427.7333333333333,0.9687441070145713,1.8106992060774363,0.27889702624961366,BNA,2026-06-11,peak_everywhere
7,1303.0333333333333,0.5799628985210188,1.3463990938895924,0.34711244566323507,BNA,2026-06-11,peak_everywhere
8,1134.3333333333333,0.029110969723338032,0.1803304924546527,0.061258369449899944,BNA,2026-06-11,peak_everywhere
9,964.1,0.005326841164724229,0.03987114389803656,0.0164002749445514,BNA,2026-06-11,peak_everywhere
10,1029.2666666666667,0.014001458544457534,0.08214510455325766,0.04381493828104427,BNA,2026-06-11,peak_everywhere
11,1240.3333333333333,0.10077605522741172,0.44780518667425157,0.09851642760015407,BNA,2026-06-11,peak_everywhere
12,1231.7666666666667,0.07939292615888142,0.35147289658325104,0.08176031428979633,BNA,2026-06-11,peak_everywhere
13,1039.3666666666666,0.02050142044772208,0.1392808476236058,0.0582081973434286,BNA,2026-06-11,peak_everywhere
14,937.6,0.0030924698735714327,0.019891730676589333,0.014342268103034381,BNA,2026-06-11,peak_everywhere
15,903.4,0.0025122095469118358,0.014621415648589188,0.01099056121488111,BNA,2026-06-11,peak_everywhere
16,946.3666666666667,0.004862691108120935,0.03404250545690969,0.01866256582322514,BNA,2026-06-11,peak_everywhere
17,1045.4666666666667,0.016698129104805996,0.11360523361364956,0.040410281163949194,BNA,2026-06-11,peak_everywhere
18,1070.6,0.013797520189414268,0.09357203797527301,0.03767892156861732,BNA,2026-06-11,peak_everywhere
19,1009.6333333333333,0.006600874906981287,0.04800545924185121,0.012977242276444464,BNA,2026-06-11,peak_everywhere
20,884.5666666666667,0.001612597575414165,0.006480005067976244,0.00804383793222671,BNA,2026-06-11,peak_everywhere
21,761.4666666666667,0.00029953264016332174,0.0,0.0,BNA,2026-06-11,peak_everywhere
22,678.3,0.00020415314862178542,0.0,0.0,BNA,2026-06-11,peak_everywhere
23,686.6,0.00017893019091924712,0.0,0.0,BNA,2026-06-11,peak_everywhere
24,746.5,0.0003839710917715919,0.0001298678826132445,0.0002545363727301669,BNA,2026-06-11,peak_everywhere
25,784.8,0.0007193661488198894,0.0006448557159099736,0.0012638939787049397,BNA,2026-06-11,peak_everywhere
26,812.7333333333333,0.0005613115372167587,0.00011561133210609977,0.00022659404718582973,BNA,2026-06-11,peak_everywhere
27,812.1666666666666,0.0012432904494751754,0.00669002491736988,0.011718768108438677,BNA,2026-06-11,peak_everywhere
28,825.2,0.0010387647239538918,0.0032501925851264888,0.004267201970039941,BNA,2026-06-11,peak_everywhere
29,830.7,0.0025983496517360954,0.014890655770453396,0.021530443077740116,BNA,2026-06-11,peak_everywhere
30,760.3666666666667,0.00027242430831364366,0.0,0.0,BNA,2026-06-11,peak_everywhere
31,637.3,2.3960904728314267e-05,0.0,0.0,BNA,2026-06-11,peak_everywhere
32,530.8,1.1207787253221225e-06,0.0,0.0,BNA,2026-06-11,peak_everywhere
33,394.1666666666667,0.0,0.0,0.0,BNA,2026-06-11,peak_everywhere
34,296.3666666666667,0.0,0.0,0.0,BNA,2026-06-11,peak_everywhere
35,310.43333333333334,0.0,0.0,0.0,BNA,2026-06-11,peak_everywhere
36,328.1,0.0,0.0,0.0,BNA,2026-06-11,peak_everywhere
37,255.96666666666667,0.0,0.0,0.0,BNA,2026-06-11,peak_everywhere
38,100.73333333333333,0.0,0.0,0.0,BNA,2026-06-11,peak_everywhere
39,2.3,0.0,0.0,0.0,BNA,2026-06-11,peak_everywhere
40,0.0,0.0,0.0,0.0,BNA,2026-06-11,peak_everywhere
41,0.0,0.0,0.0,0.0,BNA,2026-06-11,peak_everywhere
42,0.0,0.0,0.0,0.0,BNA,2026-06-11,peak_everywhere
43,0.0,0.0,0.0,0.0,BNA,2026-06-11,peak_everywhere
44,0.0,0.0,0.0,0.0,BNA,2026-06-11,peak_everywhere
45,1.9,0.0,0.0,0.0,BNA,2026-06-11,peak_everywhere
0,412.06666666666666,0.017297972387591117,0.1195343623542173,0.041712550800365754,BNA,2026-06-12,optimised
1,666.6,0.50095246754296,1.4542175865479205,0.3541281615130396,BNA,2026-06-12,optimised
2,898.9666666666667,0.3276728288383524,1.0541303705109368,0.28668153609751323,BNA,2026-06-12,optimised
3,1001.7666666666667,0.6508628102156443,1.427716320605741,0.26097021277057736,BNA,2026-06-12,optimised
4,1137.1666666666667,0.10263444865398386,0.4863830699428834,0.14408469697377882,BNA,2026-06-12,optimised
5,1294.7333333333333,0.4034114304296466,1.0035670997464858,0.22557404079928436,BNA,2026-06-12,optimised
6,1325.5,0.679816386380533,1.3129474789460387,0.30507112567165634,BNA,2026-06-12,optimised
7,1237.8666666666666,0.4289969675379626,1.0066300572104783,0.22068294233507008,BNA,2026-06-12,optimised
8,1130.2666666666667,0.5958159344055244,1.2246321767049877,0.2713644054888085,BNA,2026-06-12,optimised
9,962.0666666666667,0.15221133878707122,0.5854653040667646,0.20816532846198643,BNA,2026-06-12,optimised
10,1037.1333333333334,0.037488820148728695,0.21742233702163602,0.05151632957029474,BNA,2026-06-12,optimised
11,1204.8,0.3517384798282153,0.9285024363749185,0.22243309422940769,BNA,2026-06-12,optimised
12,1209.7666666666667,0.5304094811648155,1.2425045058870063,0.33038179472737583,BNA,2026-06-12,optimised
13,1031.1666666666667,0.17392896788392187,0.6589027093604493,0.26745367006881265,BNA,2026-06-12,optimised
14,931.7333333333333,0.008390583513284883,0.059421050798921585,0.017743521974151046,BNA,2026-06-12,optimised
15,940.8333333333334,0.006147343961519777,0.04423751717222497,0.014547236571879509,BNA,2026-06-12,optimised
16,981.2333333333333,0.18801291988159835,0.6595256813696502,0.15071807822633818,BNA,2026-06-12,optimised
17,1100.6666666666667,0.5198615473314097,1.267614787712926,0.2641677659471036,BNA,2026-06-12,optimised
18,1137.5666666666666,0.723874297427957,1.519217622008344,0.306658693313593,BNA,2026-06-12,optimised
19,1052.0,0.3536464621056454,0.9837093058539467,0.2664870680618198,BNA,2026-06-12,optimised
20,920.5666666666667,0.6747987817031145,1.4774326406956162,0.35437172664166977,BNA,2026-06-12,optimised
21,787.7333333333333,0.25492860604253775,0.8116532665898435,0.30777875906668056,BNA,2026-06-12,optimised
22,691.6333333333333,0.0620826482135434,0.30251982342482503,0.10231776057454156,BNA,2026-06-12,optimised
23,685.2666666666667,0.055490531547532605,0.2903390583574818,0.06330468334407076,BNA,2026-06-12,optimised
24,744.8666666666667,0.11886734697556466,0.5267554554106832,0.09273665268472109,BNA,2026-06-12,optimised
25,793.1333333333333,0.39880188761299795,1.1107721520360136,0.2838471894748626,BNA,2026-06-12,optimised
26,843.8333333333334,0.20464415330724137,0.7986699039249632,0.2161021991349228,BNA,2026-06-12,optimised
27,864.0,0.37503698173942984,1.0760195778361636,0.3689576780869868,BNA,2026-06-12,optimised
28,855.3333333333334,0.8484315236092568,1.6960624817681853,0.3305089635165304,BNA,2026-06-12,optimised
29,845.8666666666667,1.2895933054261401,2.232162868907693,0.4360207049788377,BNA,2026-06-12,optimised
30,755.2666666666667,0.04555647621731369,0.3433458281724928,0.1794685974161975,BNA,2026-06-12,optimised
31,633.6,0.0006290812776113746,0.0,0.0,BNA,2026-06-12,optimised
32,513.5666666666667,0.004835721219406414,0.02982026581042191,0.029582619534779905,BNA,2026-06-12,optimised
33,403.8,0.0010050985250562086,0.00021073361930082653,0.0003155886458026061,BNA,2026-06-12,optimised
34,308.5,0.20994665222428432,0.8065428693795164,0.2660752734294758,BNA,2026-06-12,optimised
35,319.7,0.3160883542820348,1.1939970806573499,0.28560324379247165,BNA,2026-06-12,optimised
36,331.73333333333335,0.40529404485780124,1.3102100342276686,0.3152088205435885,BNA,2026-06-12,optimised
37,256.76666666666665,0.1352058028120388,0.6935563703475183,0.20633661315580037,BNA,2026-06-12,optimised
38,98.46666666666667,1.1367909404146557,2.8644656799938133,0.5962556533897723,BNA,2026-06-12,optimised
39,2.3,0.010895831422393107,0.02941874484046138,0.05765968037120883,BNA,2026-06-12,optimised
40,0.0,0.0,0.0,0.0,BNA,2026-06-12,optimised
41,0.0,0.0,0.0,0.0,BNA,2026-06-12,optimised
42,0.0,0.0,0.0,0.0,BNA,2026-06-12,optimised
43,0.0,0.0,0.0,0.0,BNA,2026-06-12,optimised
44,0.0,0.0,0.0,0.0,BNA,2026-06-12,optimised
45,1.4,0.0,0.0,0.0,BNA,2026-06-12,optimised
0,410.53333333333336,0.46245890053320754,1.3589510435729006,0.33039794735448913,BNA,2026-06-12,rule_of_thumb
1,665.1333333333333,0.600903645831557,1.6078610260653874,0.23987772811183128,BNA,2026-06-12,rule_of_thumb
2,896.4,0.5350153108680193,1.3969399603669646,0.30556468614944643,BNA,2026-06-12,rule_of_thumb
3,1012.4,0.913946774702616,1.6483902782870685,0.36178576140227586,BNA,2026-06-12,rule_of_thumb
4,1133.6,0.6328737356552608,1.4449680352915846,0.302574976320836,BNA,2026-06-12,rule_of_thumb
5,1293.4,0.45324885056392855,1.124885465717136,0.24694582982574967,BNA,2026-06-12,rule_of_thumb
6,1318.3333333333333,0.6710817952967058,1.3768424205231886,0.30298395450524457,BNA,2026-06-12,rule_of_thumb
7,1234.9666666666667,0.9391766725700665,1.651761762833323,0.4059630907673941,BNA,2026-06-12,rule_of_thumb
8,1121.1666666666667,0.7442630677767492,1.5106800814486059,0.4225053625114369,BNA,2026-06-12,rule_of_thumb
9,955.7666666666667,0.5698590667797057,1.2199449074182074,0.4592458633078463,BNA,2026-06-12,rule_of_thumb
10,1044.1333333333334,0.7953630914965903,1.7633074295065578,0.3487132568164156,BNA,2026-06-12,rule_of_thumb
11,1215.8333333333333,0.7464989598866969,1.6301321531747666,0.26306363990960435,BNA,2026-06-12,rule_of_thumb
12,1207.3333333333333,0.8603014505712553,1.5161794621841087,0.40220640577013284,BNA,2026-06-12,rule_of_thumb
13,1015.7333333333333,1.241281837039551,2.1164487464584845,0.5003315369889421,BNA,2026-06-12,rule_of_thumb
14,933.2,1.211447715844584,2.199847583074558,0.4333043969030144,BNA,2026-06-12,rule_of_thumb
15,927.9666666666667,1.3546905657443544,2.192620601467094,0.45051821210473775,BNA,2026-06-12,rule_of_thumb
16,986.6666666666666,1.083675623584042,1.9812223450297533,0.49436930435971155,BNA,2026-06-12,rule_of_thumb
17,1095.8666666666666,1.047031117931735,1.9297092358516619,0.4087105260921024,BNA,2026-06-12,rule_of_thumb
18,1144.0666666666666,1.1486054830290844,1.9821822752522005,0.36134014031869294,BNA,2026-06-12,rule_of_thumb
19,1055.0666666666666,1.0607501319979815,1.914780292090361,0.4711991354392766,BNA,2026-06-12,rule_of_thumb
20,912.0333333333333,1.3529652259545601,2.370623178375911,0.6565249434677228,BNA,2026-06-12,rule_of_thumb
21,785.0333333333333,1.790289425912507,2.78122417392014,0.6779937858687474,BNA,2026-06-12,rule_of_thumb
22,707.0666666666667,2.3874410231582184,3.4878872347283236,0.7815566704945198,BNA,2026-06-12,rule_of_thumb
23,685.8666666666667,1.9841914842516504,3.0548082802668945,0.750592263946285,BNA,2026-06-12,rule_of_thumb
24,746.6,1.4902138978514279,2.319256134286189,0.8063294287781284,BNA,2026-06-12,rule_of_thumb
25,803.8666666666667,2.1697114315271486,3.2051122710796505,0.8847400862285579,BNA,2026-06-12,rule_of_thumb
26,844.6666666666666,2.113726835015943,3.098642600020319,0.8532998271331271,BNA,2026-06-12,rule_of_thumb
27,861.3333333333334,1.750632285502028,2.7675371264831283,0.7433311567841557,BNA,2026-06-12,rule_of_thumb
28,861.2666666666667,1.9890557735701344,2.882538098994696,0.8042364251527663,BNA,2026-06-12,rule_of_thumb
29,851.9666666666667,2.062088856776835,3.027687318817556,0.705808840234494,BNA,2026-06-12,rule_of_thumb
30,762.3333333333334,2.0937480750759616,3.149269938088064,0.7315085567191516,BNA,2026-06-12,rule_of_thumb
31,636.2,2.587690333482752,3.7711965648506194,0.9148163813382278,BNA,2026-06-12,rule_of_thumb
32,519.3333333333334,3.18090621948447,4.564064758815382,1.267463652121883,BNA,2026-06-12,rule_of_thumb
33,405.03333333333336,2.260511724335877,3.7018932081128617,1.7861996875394741,BNA,2026-06-12,rule_of_thumb
34,297.96666666666664,2.6661690119835404,4.186079858834925,1.915069354774029,BNA,2026-06-12,rule_of_thumb
35,320.3,1.374919314114518,2.6205002736311394,1.3266164226782213,BNA,2026-06-12,rule_of_thumb
36,324.1,1.1319972391327249,2.192890305101078,1.179825641594677,BNA,2026-06-12,rule_of_thumb
37,261.0,1.2068231150802122,2.6448697739550693,1.0761359504218866,BNA,2026-06-12,rule_of_thumb
38,100.06666666666666,1.6741948866902112,3.3079693146686555,1.0586369286028041,BNA,2026-06-12,rule_of_thumb
39,2.0,0.2672419631395774,0.3633871503379055,0.34099481643262075,BNA,2026-06-12,rule_of_thumb
40,0.0,0.0,0.0,0.0,BNA,2026-06-12,rule_of_thumb
41,0.0,0.0,0.0,0.0,BNA,2026-06-12,rule_of_thumb
42,0.0,0.0,0.0,0.0,BNA,2026-06-12,rule_of_thumb
43,0.0,0.0,0.0,0.0,BNA,2026-06-12,rule_of_thumb
44,0.0,0.0,0.0,0.0,BNA,2026-06-12,rule_of_thumb
45,1.5333333333333334,0.012693311691057514,0.03734921091721617,0.05192775343826524,BNA,2026-06-12,rule_of_thumb
0,411.0,5.672251458752262e-06,0.0,0.0,BNA,2026-06-12,flat_feasible
1,665.3,0.0015810889280887899,0.005210167694622727,0.007066637148698698,BNA,2026-06-12,flat_feasible
2,893.2666666666667,0.044516999227955246,0.26208496849668145,0.11771296782606598,BNA,2026-06-12,flat_feasible
3,1015.6,0.14743623843285686,0.525599642902331,0.1628867771936922,BNA,2026-06-12,flat_feasible
4,1133.2666666666667,0.3699322508349731,1.0528238102247618,0.2033605026927833,BNA,2026-06-12,flat_feasible
5,1281.5666666666666,1.9143680844735786,3.347853284102401,0.723223496893015,BNA,2026-06-12,flat_feasible
6,1336.1,4.967390184131774,6.802058013897357,1.0441688204348587,BNA,2026-06-12,flat_feasible
7,1250.4333333333334,7.689496192025003,8.798827071660725,1.3357884143878715,BNA,2026-06-12,flat_feasible
8,1126.1666666666667,7.577117095862257,8.725559746275387,1.403090733424124,BNA,2026-06-12,flat_feasible
9,962.8333333333334,4.328793775482814,6.288974342082886,1.399613320680229,BNA,2026-06-12,flat_feasible
10,1042.0,1.1600191891828098,2.121370523671135,0.8254323969526935,BNA,2026-06-12,flat_feasible
11,1217.1666666666667,1.3609779532332307,2.4252747974771967,0.6065139579037404,BNA,2026-06-12,flat_feasible
12,1219.2,2.5799587055220083,3.738672841987646,0.870550435642771,BNA,2026-06-12,flat_feasible
13,1015.4666666666667,1.8780645429495995,3.2084477493088195,0.9191383485371999,BNA,2026-06-12,flat_feasible
14,933.0333333333333,0.2240822106756214,0.7780584905641015,0.49133616778644623,BNA,2026-06-12,flat_feasible
15,927.2666666666667,0.045693915535159974,0.2512830901969474,0.10435800269492516,BNA,2026-06-12,flat_feasible
16,979.7666666666667,0.0782618116200961,0.36992140911816507,0.1141889209251421,BNA,2026-06-12,flat_feasible
17,1092.6333333333334,0.23492318983910965,0.7846461974084601,0.13822341397366397,BNA,2026-06-12,flat_feasible
18,1140.6,0.700342692609494,1.4221758518429435,0.31955210453746596,BNA,2026-06-12,flat_feasible
19,1058.6666666666667,0.4983569561434529,1.167179121502408,0.3534110713909811,BNA,2026-06-12,flat_feasible
20,912.0,0.08178656490267652,0.39060111937905434,0.17839751544226065,BNA,2026-06-12,flat_feasible
21,790.7333333333333,0.008660518894499182,0.06425252527179745,0.023829129668522287,BNA,2026-06-12,flat_feasible
22,699.7666666666667,0.0022447431706854124,0.00989404246202279,0.00637586826766899,BNA,2026-06-12,flat_feasible
23,687.5,0.0022196205005950457,0.01325333669460254,0.010679310536032677,BNA,2026-06-12,flat_feasible
24,739.2666666666667,0.006066800835393423,0.04310282877667642,0.02210531200285362,BNA,2026-06-12,flat_feasible
25,797.2666666666667,0.005635612715947175,0.041197048148651126,0.014588796539944942,BNA,2026-06-12,flat_feasible
26,832.0333333333333,0.011708483588556843,0.08414920459486244,0.030351307474972087,BNA,2026-06-12,flat_feasible
27,858.3,0.01710841088547322,0.11699460922206516,0.05241395463066843,BNA,2026-06-12,flat_feasible
28,860.6666666666666,0.012799844412791946,0.09118186060653605,0.02851848718529568,BNA,2026-06-12,flat_feasible
29,857.3666666666667,0.018564684043481515,0.12444880257161178,0.04273745049446419,BNA,2026-06-12,flat_feasible
30,769.4666666666667,0.009703558952184835,0.0688198883613733,0.024748211391592667,BNA,2026-06-12,flat_feasible
31,632.0666666666667,0.0013615206140308559,0.003911427127185709,0.005470383635052012,BNA,2026-06-12,flat_feasible
32,515.6,0.0001744871180839374,0.0,0.0,BNA,2026-06-12,flat_feasible
33,402.8333333333333,1.5149617388543896e-05,0.0,0.0,BNA,2026-06-12,flat_feasible
34,312.53333333333336,0.0,0.0,0.0,BNA,2026-06-12,flat_feasible
35,319.9,0.0,0.0,0.0,BNA,2026-06-12,flat_feasible
36,322.4,4.416206924305236e-06,0.0,0.0,BNA,2026-06-12,flat_feasible
37,256.56666666666666,0.0,0.0,0.0,BNA,2026-06-12,flat_feasible
38,99.2,0.0,0.0,0.0,BNA,2026-06-12,flat_feasible
39,2.2666666666666666,0.0,0.0,0.0,BNA,2026-06-12,flat_feasible
40,0.0,0.0,0.0,0.0,BNA,2026-06-12,flat_feasible
41,0.0,0.0,0.0,0.0,BNA,2026-06-12,flat_feasible
42,0.0,0.0,0.0,0.0,BNA,2026-06-12,flat_feasible
43,0.0,0.0,0.0,0.0,BNA,2026-06-12,flat_feasible
44,0.0,0.0,0.0,0.0,BNA,2026-06-12,flat_feasible
45,1.3333333333333333,0.0,0.0,0.0,BNA,2026-06-12,flat_feasible
0,414.8333333333333,8.59687737551505e-06,0.0,0.0,BNA,2026-06-12,peak_everywhere
1,662.1,0.00045022067054951184,0.0007805272403017693,0.001529805280302908,BNA,2026-06-12,peak_everywhere
2,894.1,0.00828690105497011,0.05640666591441375,0.03764934951902985,BNA,2026-06-12,peak_everywhere
3,1011.1333333333333,0.015466894320936066,0.10274015139036856,0.03575577665212327,BNA,2026-06-12,peak_everywhere
4,1135.9333333333334,0.07903347872848349,0.32775243759533607,0.10953572314595579,BNA,2026-06-12,peak_everywhere
5,1287.1333333333334,0.3117675247607767,0.9709863213214477,0.25096999324370617,BNA,2026-06-12,peak_everywhere
6,1315.9,0.7408141386250999,1.450096233200741,0.35183154919033016,BNA,2026-06-12,peak_everywhere
7,1240.7,0.46307353699503634,0.9987395812519845,0.36853965687441986,BNA,2026-06-12,peak_everywhere
8,1122.0333333333333,0.11551108783649647,0.5206164940788353,0.20110258372655687,BNA,2026-06-12,peak_everywhere
9,957.3333333333334,0.02025986148807748,0.14589481923459982,0.06987443567806263,BNA,2026-06-12,peak_everywhere
10,1027.5666666666666,0.017007304280504912,0.11609160826957265,0.03628349492395303,BNA,2026-06-12,peak_everywhere
11,1219.6333333333334,0.16289841577285447,0.600746302117314,0.1498317133861808,BNA,2026-06-12,peak_everywhere
12,1215.4666666666667,0.2687539142626643,0.7243381013887797,0.20190677528329537,BNA,2026-06-12,peak_everywhere
13,1018.9,0.038122987275350934,0.24552878573205925,0.08623649052066203,BNA,2026-06-12,peak_everywhere
14,931.2,0.009517644948024857,0.07064474581216298,0.028757064642109666,BNA,2026-06-12,peak_everywhere
15,934.3333333333334,0.009540146515827035,0.06934225759674098,0.027838149458842037,BNA,2026-06-12,peak_everywhere
16,974.7666666666667,0.010013017665338037,0.07303378132742801,0.024744467577060746,BNA,2026-06-12,peak_everywhere
17,1103.6333333333334,0.04813991679898067,0.25744400652355176,0.053031620641156074,BNA,2026-06-12,peak_everywhere
18,1145.4,0.09419839943045974,0.4142663777843758,0.11154627176839658,BNA,2026-06-12,peak_everywhere
19,1042.8666666666666,0.03986522539281492,0.2618164611941397,0.0858619632294879,BNA,2026-06-12,peak_everywhere
20,926.4,0.009949828880038052,0.06953709396027358,0.026103992638214984,BNA,2026-06-12,peak_everywhere
21,785.0,0.002547181161550468,0.0162489149895714,0.02385534350330387,BNA,2026-06-12,peak_everywhere
22,703.4333333333333,0.0003046493919101848,0.0,0.0,BNA,2026-06-12,peak_everywhere
23,685.9,0.00013259088037161922,0.0,0.0,BNA,2026-06-12,peak_everywhere
24,752.9666666666667,0.00083101686562514,0.000274897549232946,0.00031506404496319955,BNA,2026-06-12,peak_everywhere
25,803.2666666666667,0.0025741072128329674,0.015894586847194116,0.019853124525947407,BNA,2026-06-12,peak_everywhere
26,839.3,0.0032053836173019674,0.018561638017860656,0.012048748453848812,BNA,2026-06-12,peak_everywhere
27,863.1,0.0036814300489304134,0.022235730236711757,0.024203001009376827,BNA,2026-06-12,peak_everywhere
28,860.4333333333333,0.0037610109211464464,0.024000759378797976,0.018480416921344445,BNA,2026-06-12,peak_everywhere
29,854.4,0.0034343507507035766,0.02198988875065044,0.01492483524893866,BNA,2026-06-12,peak_everywhere
30,769.8,0.0011564500668102314,0.00334249618426686,0.00315823045104204,BNA,2026-06-12,peak_everywhere
31,634.4666666666667,0.00020480165435748238,0.0,0.0,BNA,2026-06-12,peak_everywhere
32,508.3,5.053761879048035e-06,0.0,0.0,BNA,2026-06-12,peak_everywhere
33,403.9,0.0,0.0,0.0,BNA,2026-06-12,peak_everywhere
34,306.2,0.0,0.0,0.0,BNA,2026-06-12,peak_everywhere
35,322.9,0.0,0.0,0.0,BNA,2026-06-12,peak_everywhere
36,326.93333333333334,0.0,0.0,0.0,BNA,2026-06-12,peak_everywhere
37,261.1666666666667,0.0,0.0,0.0,BNA,2026-06-12,peak_everywhere
38,102.03333333333333,0.0,0.0,0.0,BNA,2026-06-12,peak_everywhere
39,2.433333333333333,0.0,0.0,0.0,BNA,2026-06-12,peak_everywhere
40,0.0,0.0,0.0,0.0,BNA,2026-06-12,peak_everywhere
41,0.0,0.0,0.0,0.0,BNA,2026-06-12,peak_everywhere
42,0.0,0.0,0.0,0.0,BNA,2026-06-12,peak_everywhere
43,0.0,0.0,0.0,0.0,BNA,2026-06-12,peak_everywhere
44,0.0,0.0,0.0,0.0,BNA,2026-06-12,peak_everywhere
45,1.6666666666666667,0.0,0.0,0.0,BNA,2026-06-12,peak_everywhere
0,326.73333333333335,0.02096327049776586,0.14777471868114703,0.0715895654362576,BNA,2026-06-13,optimised
1,575.2333333333333,0.3394080219657583,1.1369459217634599,0.2057034786159514,BNA,2026-06-13,optimised
2,830.1333333333333,0.10130132600254434,0.5070185911962968,0.11750156689040327,BNA,2026-06-13,optimised
3,1010.2,0.6026689618423939,1.4641280941331396,0.34045037768627356,BNA,2026-06-13,optimised
4,1184.8333333333333,0.3350355973494737,0.9118108502180088,0.29858960324361034,BNA,2026-06-13,optimised
5,1356.4333333333334,0.643779161701857,1.346977841659093,0.29468543701960576,BNA,2026-06-13,optimised
6,1333.0,1.1030413144676219,1.9102031051865305,0.3544780623963778,BNA,2026-06-13,optimised
7,1194.8333333333333,0.6757293041948602,1.4110933634022915,0.4087615447084752,BNA,2026-06-13,optimised
8,1068.8666666666666,0.6935696660433781,1.4231398249365264,0.3937918317417476,BNA,2026-06-13,optimised
9,911.5,0.30499895566141316,0.8238002399530563,0.40748431168267807,BNA,2026-06-13,optimised
10,1002.3333333333334,0.24488558752838452,0.7684714262745723,0.18802475636456362,BNA,2026-06-13,optimised
11,1038.3,0.4219981444919238,1.0347403513004922,0.22936703740434058,BNA,2026-06-13,optimised
12,947.5666666666667,0.25572924533015234,0.810373820381139,0.24464445429364257,BNA,2026-06-13,optimised
13,725.1,0.011528930040749046,0.08471828557692031,0.03487191440110621,BNA,2026-06-13,optimised
14,713.8333333333334,0.004228712838943602,0.026395754089360065,0.017757686145011956,BNA,2026-06-13,optimised
15,732.5333333333333,0.004441005905595262,0.031056462318868827,0.01694157172891965,BNA,2026-06-13,optimised
16,719.7333333333333,0.3290493352130265,0.9706853350956153,0.24292527954413348,BNA,2026-06-13,optimised
17,689.7,0.31831496011472543,0.891405769408657,0.2169074576121799,BNA,2026-06-13,optimised
18,621.6666666666666,0.8270127425571194,1.7010032829253316,0.4389725058269693,BNA,2026-06-13,optimised
19,607.1333333333333,1.0326152204833423,1.9951391691061526,0.5208522390437454,BNA,2026-06-13,optimised
20,618.4,1.3911889880078008,2.2945102032858826,0.579886783924249,BNA,2026-06-13,optimised
21,585.6666666666666,1.363268090470738,2.429482464789059,0.6185963090131111,BNA,2026-06-13,optimised
22,538.4666666666667,1.513574899555143,2.612702688902382,0.7888232829913905,BNA,2026-06-13,optimised
23,540.5666666666667,1.5491060470016822,2.6441861310506796,0.6667537690838167,BNA,2026-06-13,optimised
24,636.2,0.38371625701845946,1.430460149925903,0.42147686484920477,BNA,2026-06-13,optimised
25,790.1666666666666,0.8451071783194146,1.9274757596041994,0.4196081285168246,BNA,2026-06-13,optimised
26,871.1,1.5869305395834596,2.6107771757836966,0.5637976025622731,BNA,2026-06-13,optimised
27,855.3,1.6886983046735173,2.5344593579041494,0.7211897458445288,BNA,2026-06-13,optimised
28,786.0333333333333,2.2156124838884903,3.220480261027934,0.8626067639574035,BNA,2026-06-13,optimised
29,699.8666666666667,1.3206486750294557,2.4354416218101145,0.7945365214497472,BNA,2026-06-13,optimised
30,610.5666666666667,0.0369363777673355,0.21662512268361783,0.17103138361959488,BNA,2026-06-13,optimised
31,511.6,0.0012499220001414174,0.0022449852263029296,0.002907081079662563,BNA,2026-06-13,optimised
32,441.1333333333333,0.009254659272808255,0.06640396913860053,0.038517688158785486,BNA,2026-06-13,optimised
33,434.0,0.006744587800560955,0.044782953948666306,0.025370495912413044,BNA,2026-06-13,optimised
34,433.3333333333333,0.6053741155053309,1.7263065893466967,0.47741969672043877,BNA,2026-06-13,optimised
35,376.1666666666667,0.48880102212162263,1.4360389375664266,0.4444685877667543,BNA,2026-06-13,optimised
36,187.4,1.8679837992844215,3.6750444215456346,0.6634915246611498,BNA,2026-06-13,optimised
37,11.9,0.02049275811303717,0.07170657103142426,0.07793960863662647,BNA,2026-06-13,optimised
38,0.0,0.0,0.0,0.0,BNA,2026-06-13,optimised
39,0.0,0.0,0.0,0.0,BNA,2026-06-13,optimised
40,0.0,0.0,0.0,0.0,BNA,2026-06-13,optimised
41,0.0,0.0,0.0,0.0,BNA,2026-06-13,optimised
42,0.0,0.0,0.0,0.0,BNA,2026-06-13,optimised
43,0.0,0.0,0.0,0.0,BNA,2026-06-13,optimised
44,0.0,0.0,0.0,0.0,BNA,2026-06-13,optimised
45,2.533333333333333,0.09798385512547851,0.17546044502117522,0.2418719595118754,BNA,2026-06-13,optimised
0,333.8666666666667,0.4432664407492312,1.5427270042109664,0.3427346759058253,BNA,2026-06-13,rule_of_thumb
1,567.2666666666667,0.5134002895982891,1.5283756794347307,0.3556557023145978,BNA,2026-06-13,rule_of_thumb
2,829.7,0.5035482426318743,1.3505399193639993,0.26704424476110344,BNA,2026-06-13,rule_of_thumb
3,1013.8666666666667,0.7028995100294162,1.6201912341777287,0.275504005824588,BNA,2026-06-13,rule_of_thumb
4,1192.7333333333333,1.2444822253943606,2.19331092239112,0.46288230329408564,BNA,2026-06-13,rule_of_thumb
5,1346.0,1.691829495019278,2.543426891103211,0.3831901789863966,BNA,2026-06-13,rule_of_thumb
6,1341.5,1.6652993615147849,2.5952000164717157,0.4586416139432232,BNA,2026-06-13,rule_of_thumb
7,1207.0333333333333,1.759453479256646,2.4734493608376598,0.6695776787143704,BNA,2026-06-13,rule_of_thumb
8,1065.8333333333333,1.2098310370783691,2.017919128163568,0.5991366431606153,BNA,2026-06-13,rule_of_thumb
9,913.0333333333333,1.0600108210534245,1.870240658880001,0.5781401329125071,BNA,2026-06-13,rule_of_thumb
10,1005.3666666666667,0.7974832730157364,1.5132326802209946,0.4175959605028667,BNA,2026-06-13,rule_of_thumb
11,1039.6333333333334,0.782910498982704,1.553576653273532,0.3437717338292752,BNA,2026-06-13,rule_of_thumb
12,949.8,1.4515874084139717,2.523724953826284,0.56067304329226,BNA,2026-06-13,rule_of_thumb
13,732.2666666666667,1.6231441735282175,2.6778439614345575,0.6829331729919805,BNA,2026-06-13,rule_of_thumb
14,716.0,1.4168491769490876,2.5445821199149044,0.6321862375935251,BNA,2026-06-13,rule_of_thumb
15,712.2,1.0456930931457153,2.188366589152359,0.5979301103186224,BNA,2026-06-13,rule_of_thumb
16,726.2,0.7377992959545671,1.543201968107681,0.4015110173482753,BNA,2026-06-13,rule_of_thumb
17,690.4,1.0391189538539118,2.0204422232899173,0.5671178900918369,BNA,2026-06-13,rule_of_thumb
18,616.8666666666667,1.7850720929318349,2.7039750308527077,0.7181384508518748,BNA,2026-06-13,rule_of_thumb
19,592.2666666666667,1.4027693760285183,2.4636286569254287,0.7570315853164609,BNA,2026-06-13,rule_of_thumb
20,609.0,1.7114057105429785,2.832502959329459,0.8540690599244253,BNA,2026-06-13,rule_of_thumb
21,573.5,1.247064541324387,2.221356652762159,0.8071584296753341,BNA,2026-06-13,rule_of_thumb
22,533.8333333333334,1.2701738759901788,2.54380293476126,0.6683465924899689,BNA,2026-06-13,rule_of_thumb
23,539.9,1.2579961126096866,2.3292918490739996,0.6702621646170189,BNA,2026-06-13,rule_of_thumb
24,646.9,0.6320573722704386,1.5154523954983692,0.42989966582995837,BNA,2026-06-13,rule_of_thumb
25,787.4333333333333,0.9846666048740677,2.04755918617305,0.460556570842156,BNA,2026-06-13,rule_of_thumb
26,857.1666666666666,1.3256840494203912,2.1826095359035893,0.488086406488897,BNA,2026-06-13,rule_of_thumb
27,844.5666666666667,1.2507153322184534,2.2475138514842183,0.46520706779359705,BNA,2026-06-13,rule_of_thumb
28,787.5333333333333,1.6713444005023268,2.6787390346091864,0.650157075593628,BNA,2026-06-13,rule_of_thumb
29,683.5666666666667,1.8174448687008689,2.868561029944529,0.6973404322317728,BNA,2026-06-13,rule_of_thumb
30,619.9666666666667,2.1816717324989883,3.368848162878743,0.9500551935476405,BNA,2026-06-13,rule_of_thumb
31,511.06666666666666,2.119520150508546,3.239274767037103,0.9978103573386681,BNA,2026-06-13,rule_of_thumb
32,439.1,1.4531147580049513,2.666005675663466,0.8175232418852431,BNA,2026-06-13,rule_of_thumb
33,422.0,0.8113072573142979,1.9362864805773303,0.6410137641694111,BNA,2026-06-13,rule_of_thumb
34,429.4,1.2850713161491976,2.4953112319352306,0.9412770621540895,BNA,2026-06-13,rule_of_thumb
35,371.56666666666666,2.912082647049113,4.722593799053812,1.9449515568004934,BNA,2026-06-13,rule_of_thumb
36,190.23333333333332,5.285744129967927,8.538469501256639,4.644299112490715,BNA,2026-06-13,rule_of_thumb
37,11.1,5.29233454425871,6.443692074596865,4.7660652548449445,BNA,2026-06-13,rule_of_thumb
38,0.0,0.0,0.0,0.0,BNA,2026-06-13,rule_of_thumb
39,0.0,0.0,0.0,0.0,BNA,2026-06-13,rule_of_thumb
40,0.0,0.0,0.0,0.0,BNA,2026-06-13,rule_of_thumb
41,0.0,0.0,0.0,0.0,BNA,2026-06-13,rule_of_thumb
42,0.0,0.0,0.0,0.0,BNA,2026-06-13,rule_of_thumb
43,0.0,0.0,0.0,0.0,BNA,2026-06-13,rule_of_thumb
44,0.0,0.0,0.0,0.0,BNA,2026-06-13,rule_of_thumb
45,2.6333333333333333,0.006184130556050604,0.015926154299731553,0.0248345480592605,BNA,2026-06-13,rule_of_thumb
0,329.96666666666664,0.0,0.0,0.0,BNA,2026-06-13,flat_feasible
1,572.0333333333333,0.0006072213075438737,0.002249730012411104,0.004409389800299366,BNA,2026-06-13,flat_feasible
2,825.0666666666667,0.011927296983357951,0.09150189764063874,0.029049173310088824,BNA,2026-06-13,flat_feasible
3,1003.0333333333333,0.09744964480393617,0.45361787245614926,0.10240793599114283,BNA,2026-06-13,flat_feasible
4,1193.3333333333333,0.609516899324649,1.6057653638429346,0.33489768004800863,BNA,2026-06-13,flat_feasible
5,1336.5,2.795354059174405,4.526357106741538,0.5542424851698671,BNA,2026-06-13,flat_feasible
6,1346.1,6.675102749229139,8.248659578866851,0.9569745101212529,BNA,2026-06-13,flat_feasible
7,1203.9666666666667,8.568805702408572,9.497513127607224,1.1152749991401703,BNA,2026-06-13,flat_feasible
8,1064.6,6.845663193002276,8.395906509713821,1.2077015109160272,BNA,2026-06-13,flat_feasible
9,913.9333333333333,2.326259453191191,4.479808581481005,1.2020021676960122,BNA,2026-06-13,flat_feasible
10,992.8666666666667,0.311470362514017,0.8769075907241363,0.5546403250512201,BNA,2026-06-13,flat_feasible
11,1051.0666666666666,0.26711846298108755,0.7305720834333959,0.2589499666539186,BNA,2026-06-13,flat_feasible
12,941.2666666666667,0.06340791207620296,0.3518865509720946,0.10524176135347678,BNA,2026-06-13,flat_feasible
13,729.6333333333333,0.002861146036851511,0.01715088227572796,0.008707014995595511,BNA,2026-06-13,flat_feasible
14,716.1333333333333,0.0037488423541956963,0.02634109310895056,0.020026874579272557,BNA,2026-06-13,flat_feasible
15,722.6333333333333,0.004008687296774043,0.024233994862086265,0.015278721490181654,BNA,2026-06-13,flat_feasible
16,727.7666666666667,0.005505167053719112,0.04090170502921732,0.029772558068943397,BNA,2026-06-13,flat_feasible
17,687.1,0.002113069228399956,0.008333459674004166,0.006584443308844551,BNA,2026-06-13,flat_feasible
18,620.9,0.000994064065578481,0.0054417478620782354,0.010665629825124086,BNA,2026-06-13,flat_feasible
19,597.3,0.0007012052359378052,0.002917378686144236,0.005717957155449321,BNA,2026-06-13,flat_feasible
20,608.2333333333333,0.000523915746746558,0.00030713184097559665,0.00044280144245756087,BNA,2026-06-13,flat_feasible
21,582.2,0.0008052300401628686,0.00483751403034678,0.009481353276411891,BNA,2026-06-13,flat_feasible
22,536.6333333333333,7.123084563367662e-05,0.0,0.0,BNA,2026-06-13,flat_feasible
23,540.2666666666667,0.0002360309958767222,0.0,0.0,BNA,2026-06-13,flat_feasible
24,647.4333333333333,0.0018432771016355068,0.013049643631417397,0.01999619854131558,BNA,2026-06-13,flat_feasible
25,791.5666666666667,0.005173714489506687,0.03673500411527468,0.014014715448721533,BNA,2026-06-13,flat_feasible
26,879.0666666666667,0.0243348967694017,0.14118761273916614,0.0653261697988992,BNA,2026-06-13,flat_feasible
27,843.9333333333333,0.015973791446330616,0.10376490439389398,0.04061797765126222,BNA,2026-06-13,flat_feasible
28,778.4666666666667,0.007099834679846905,0.05290572858380007,0.020256164957389248,BNA,2026-06-13,flat_feasible
29,699.0,0.002185930232760708,0.012419161892517343,0.0136371279206638,BNA,2026-06-13,flat_feasible
30,611.3666666666667,0.0010418163023739244,0.004667857008892036,0.009148831624558216,BNA,2026-06-13,flat_feasible
31,500.5,7.464689917053184e-05,0.0,0.0,BNA,2026-06-13,flat_feasible
32,436.93333333333334,3.2959949497903825e-05,0.0,0.0,BNA,2026-06-13,flat_feasible
33,429.3333333333333,1.3481348984615742e-05,0.0,0.0,BNA,2026-06-13,flat_feasible
34,438.2,4.544765113104739e-05,0.0,0.0,BNA,2026-06-13,flat_feasible
35,372.23333333333335,5.083418746730812e-07,0.0,0.0,BNA,2026-06-13,flat_feasible
36,190.46666666666667,0.0,0.0,0.0,BNA,2026-06-13,flat_feasible
37,11.2,0.0,0.0,0.0,BNA,2026-06-13,flat_feasible
38,0.0,0.0,0.0,0.0,BNA,2026-06-13,flat_feasible
39,0.0,0.0,0.0,0.0,BNA,2026-06-13,flat_feasible
40,0.0,0.0,0.0,0.0,BNA,2026-06-13,flat_feasible
41,0.0,0.0,0.0,0.0,BNA,2026-06-13,flat_feasible
42,0.0,0.0,0.0,0.0,BNA,2026-06-13,flat_feasible
43,0.0,0.0,0.0,0.0,BNA,2026-06-13,flat_feasible
44,0.0,0.0,0.0,0.0,BNA,2026-06-13,flat_feasible
45,1.9666666666666666,0.0,0.0,0.0,BNA,2026-06-13,flat_feasible
0,325.1,0.0,0.0,0.0,BNA,2026-06-13,peak_everywhere
1,575.7,4.7792630955647375e-05,0.0,0.0,BNA,2026-06-13,peak_everywhere
2,816.1333333333333,0.002767527714050426,0.012900829600764918,0.010549608743074524,BNA,2026-06-13,peak_everywhere
3,1006.5666666666667,0.017994783617349002,0.12549765484849193,0.042007339267251885,BNA,2026-06-13,peak_everywhere
4,1190.0,0.1084431200703165,0.46159717695400626,0.0980955944621414,BNA,2026-06-13,peak_everywhere
5,1327.2333333333333,0.6062702413890507,1.299318197124531,0.3678862879754882,BNA,2026-06-13,peak_everywhere
6,1339.7666666666667,1.0973893372803536,1.7504761845437353,0.4753329641766851,BNA,2026-06-13,peak_everywhere
7,1207.2333333333333,0.7331379270260832,1.458125353960927,0.43913757745766335,BNA,2026-06-13,peak_everywhere
8,1065.3333333333333,0.060042499326842504,0.2959863238927971,0.1373467023009865,BNA,2026-06-13,peak_everywhere
9,915.1333333333333,0.00940431144794234,0.07245908405915898,0.05006934043593672,BNA,2026-06-13,peak_everywhere
10,1004.0666666666667,0.014516229838309072,0.10856754547848863,0.047032148943701876,BNA,2026-06-13,peak_everywhere
11,1049.2,0.01953370892919538,0.124346830054676,0.03409917010499975,BNA,2026-06-13,peak_everywhere
12,941.3333333333334,0.010990930490435388,0.08476989337802697,0.0296344426555854,BNA,2026-06-13,peak_everywhere
13,730.0,0.0005720704328174606,0.0008466386826205443,0.0011903148787640034,BNA,2026-06-13,peak_everywhere
14,716.3333333333334,0.0007173708044508989,0.0012622888041187237,0.00177183648600998,BNA,2026-06-13,peak_everywhere
15,725.6333333333333,0.00045833671908377494,5.800022652996025e-05,0.00011367835512056355,BNA,2026-06-13,peak_everywhere
16,713.1,0.0005739153534787316,0.0011355097220632608,0.002171464625799405,BNA,2026-06-13,peak_everywhere
17,683.7333333333333,0.00019549714236882643,0.0,0.0,BNA,2026-06-13,peak_everywhere
18,622.5666666666667,9.307591652709682e-05,0.0,0.0,BNA,2026-06-13,peak_everywhere
19,598.6666666666666,8.917301262811461e-05,0.0,0.0,BNA,2026-06-13,peak_everywhere
20,612.9,0.00015733518208728938,0.0,0.0,BNA,2026-06-13,peak_everywhere
21,586.1666666666666,4.1191652929922666e-05,0.0,0.0,BNA,2026-06-13,peak_everywhere
22,543.0333333333333,2.7235656194291073e-05,0.0,0.0,BNA,2026-06-13,peak_everywhere
23,537.3666666666667,1.3308240123266875e-05,0.0,0.0,BNA,2026-06-13,peak_everywhere
24,635.3333333333334,0.000229051840625318,0.0,0.0,BNA,2026-06-13,peak_everywhere
25,786.6,0.0010690072380701058,0.002051613847859431,0.0034087545804753865,BNA,2026-06-13,peak_everywhere
26,864.9,0.006959095901727569,0.049458988331755875,0.04007746799883122,BNA,2026-06-13,peak_everywhere
27,842.5,0.0033011208449947177,0.022576677691252857,0.013878910259549347,BNA,2026-06-13,peak_everywhere
28,782.9,0.0012844108831795526,0.0029771130314713828,0.0028335174457138923,BNA,2026-06-13,peak_everywhere
29,692.9333333333333,0.0005340340376407111,0.00012726214474431286,0.0002494292203527102,BNA,2026-06-13,peak_everywhere
30,608.8666666666667,0.0004035104738633839,0.001697241083716863,0.0024128647401320726,BNA,2026-06-13,peak_everywhere
31,506.8666666666667,6.15500916583955e-05,0.0,0.0,BNA,2026-06-13,peak_everywhere
32,440.8666666666667,2.7779125502735757e-06,0.0,0.0,BNA,2026-06-13,peak_everywhere
33,429.8,0.0,0.0,0.0,BNA,2026-06-13,peak_everywhere
34,425.1666666666667,7.981399456437561e-07,0.0,0.0,BNA,2026-06-13,peak_everywhere
35,375.23333333333335,0.0,0.0,0.0,BNA,2026-06-13,peak_everywhere
36,190.03333333333333,0.0,0.0,0.0,BNA,2026-06-13,peak_everywhere
37,11.366666666666667,0.0,0.0,0.0,BNA,2026-06-13,peak_everywhere
38,0.0,0.0,0.0,0.0,BNA,2026-06-13,peak_everywhere
39,0.0,0.0,0.0,0.0,BNA,2026-06-13,peak_everywhere
40,0.0,0.0,0.0,0.0,BNA,2026-06-13,peak_everywhere
41,0.0,0.0,0.0,0.0,BNA,2026-06-13,peak_everywhere
42,0.0,0.0,0.0,0.0,BNA,2026-06-13,peak_everywhere
43,0.0,0.0,0.0,0.0,BNA,2026-06-13,peak_everywhere
44,0.0,0.0,0.0,0.0,BNA,2026-06-13,peak_everywhere
45,2.8666666666666667,0.0,0.0,0.0,BNA,2026-06-13,peak_everywhere
0,415.3666666666667,0.01710058456939584,0.13094269861085064,0.05963307846790084,BNA,2026-06-21,optimised
1,693.5333333333333,0.48364467343992545,1.4183299432764536,0.3441242717546554,BNA,2026-06-21,optimised
2,958.5333333333333,0.2170128002311973,0.8423314843213212,0.26651917416166365,BNA,2026-06-21,optimised
3,1105.5333333333333,0.7672552135583746,1.6357469620620066,0.38448369374132174,BNA,2026-06-21,optimised
4,1279.5333333333333,0.3905155529240236,1.1349738340082254,0.2776406820169882,BNA,2026-06-21,optimised
5,1421.8666666666666,0.6544620996997083,1.3854458907430893,0.28430734473451363,BNA,2026-06-21,optimised
6,1470.2333333333333,0.8791954694818345,1.6346662287403084,0.3274878277800898,BNA,2026-06-21,optimised
7,1364.5,0.5089660026355911,1.1642617827537256,0.33619264850063835,BNA,2026-06-21,optimised
8,1186.7666666666667,0.9224041507576685,1.8040691399192363,0.3921678504737174,BNA,2026-06-21,optimised
9,1009.0666666666667,0.5354434255785595,1.3007374373945504,0.45602957279607176,BNA,2026-06-21,optimised
10,1041.2666666666667,0.11959443868820484,0.5037338920530084,0.13467255717627685,BNA,2026-06-21,optimised
11,1141.4,0.525733997197014,1.125721742997789,0.33270081592557577,BNA,2026-06-21,optimised
12,1139.6,0.759212750518031,1.4710051463532483,0.30935482318090346,BNA,2026-06-21,optimised
13,977.6333333333333,0.20162190513657516,0.7513941445150448,0.2980705501111397,BNA,2026-06-21,optimised
14,952.2666666666667,0.029191387471537156,0.17779310883249125,0.08040515632028297,BNA,2026-06-21,optimised
15,929.1,0.01378481316100703,0.1000746061165866,0.04216635879982697,BNA,2026-06-21,optimised
16,955.5666666666667,0.27922619258685916,0.8742872684239215,0.2544070990717477,BNA,2026-06-21,optimised
17,1026.7,0.7604745016785984,1.5511069950867975,0.31680185404232136,BNA,2026-06-21,optimised
18,1031.5,1.39463344598365,2.336967562425303,0.46537667673652483,BNA,2026-06-21,optimised
19,988.3,1.457072837915529,2.389489959125037,0.5440821832142266,BNA,2026-06-21,optimised
20,875.4333333333333,0.9684923671584287,1.7910710285126612,0.5548001155773425,BNA,2026-06-21,optimised
21,844.6333333333333,0.4990983080037654,1.1638370016693227,0.4019669331636592,BNA,2026-06-21,optimised
22,776.4333333333333,0.9808619436069091,1.8346910713077529,0.36373657141614524,BNA,2026-06-21,optimised
23,788.4666666666667,0.9380098554913872,1.8992690261348635,0.3260760810375644,BNA,2026-06-21,optimised
24,837.1,0.9336193068582905,1.7982427553334754,0.34000282254247627,BNA,2026-06-21,optimised
25,835.5333333333333,0.9227787014847508,1.85477056258241,0.40085256288214594,BNA,2026-06-21,optimised
26,845.5333333333333,0.1454286344670601,0.6629812406310538,0.26478405016186357,BNA,2026-06-21,optimised
27,870.9666666666667,0.08554311177205044,0.3331663452575387,0.1348073859165123,BNA,2026-06-21,optimised
28,878.1666666666666,0.3650292647662114,1.0476101718576225,0.25856488106522973,BNA,2026-06-21,optimised
29,857.7333333333333,0.32466575680657456,0.977822392158323,0.23352957322842677,BNA,2026-06-21,optimised
30,749.1666666666666,0.003787277085565622,0.024018029039445984,0.02677434187423192,BNA,2026-06-21,optimised
31,621.2,0.0001885071309343336,0.0,0.0,BNA,2026-06-21,optimised
32,553.2666666666667,0.0009857052912557408,0.005260702833006298,0.00599259736156515,BNA,2026-06-21,optimised
33,466.73333333333335,0.0003635462476851324,0.0,0.0,BNA,2026-06-21,optimised
34,398.6333333333333,0.3129510877805153,0.9875663531815096,0.2694720536198039,BNA,2026-06-21,optimised
35,356.23333333333335,0.1500829467739768,0.6442839758555066,0.21387151481213687,BNA,2026-06-21,optimised
36,335.73333333333335,0.5030942311957864,1.368420808256973,0.4956920878051763,BNA,2026-06-21,optimised
37,282.2,0.3632242477250517,1.2384144976503098,0.40690259231375164,BNA,2026-06-21,optimised
38,118.0,2.3299148461772097,4.626406449107151,0.9398217974773987,BNA,2026-06-21,optimised
39,4.633333333333334,0.09743759313528054,0.23772994973982273,0.2845955631495078,BNA,2026-06-21,optimised
40,0.0,0.0,0.0,0.0,BNA,2026-06-21,optimised
41,0.0,0.0,0.0,0.0,BNA,2026-06-21,optimised
42,0.0,0.0,0.0,0.0,BNA,2026-06-21,optimised
43,0.0,0.0,0.0,0.0,BNA,2026-06-21,optimised
44,0.0,0.0,0.0,0.0,BNA,2026-06-21,optimised
45,1.9333333333333333,0.012732637317978718,0.03437812075854253,0.06737987855872427,BNA,2026-06-21,optimised
0,416.8333333333333,0.44296541900444947,1.3299464814286879,0.36153783369228953,BNA,2026-06-21,rule_of_thumb
1,686.5,0.6368161249853849,1.7040193859651322,0.36098060385151587,BNA,2026-06-21,rule_of_thumb
2,947.7666666666667,1.0974515592540766,2.024062985094909,0.43043641826823714,BNA,2026-06-21,rule_of_thumb
3,1111.5666666666666,1.2101220560028918,2.071177152927438,0.4480521619758689,BNA,2026-06-21,rule_of_thumb
4,1274.7333333333333,1.3472918167181362,2.3843076513783443,0.5509333525274152,BNA,2026-06-21,rule_of_thumb
5,1437.5,1.9287898439564557,2.721292972576907,0.6720698973687883,BNA,2026-06-21,rule_of_thumb
6,1465.8,1.8942126269635986,2.6279264323284606,0.6219270172562585,BNA,2026-06-21,rule_of_thumb
7,1378.6,1.5868032136962997,2.388998489261262,0.6946513935009437,BNA,2026-06-21,rule_of_thumb
8,1182.3666666666666,1.7378031977853476,2.517978750898741,0.7728186201375202,BNA,2026-06-21,rule_of_thumb
9,995.5666666666667,1.7394078595219484,2.5150886340084813,0.7293082705354547,BNA,2026-06-21,rule_of_thumb
10,1043.6,1.7439176273051862,2.6807013932732917,0.6482808929628827,BNA,2026-06-21,rule_of_thumb
11,1149.3333333333333,1.5618326120262802,2.4627392657101237,0.6059917704667777,BNA,2026-06-21,rule_of_thumb
12,1129.6333333333334,1.368478162994401,2.23845659966169,0.5586298302909112,BNA,2026-06-21,rule_of_thumb
13,977.3,1.1410205279550973,1.9947095085273945,0.5241917758440148,BNA,2026-06-21,rule_of_thumb
14,952.7666666666667,1.4818276783205564,2.503808953229168,0.6306597550499518,BNA,2026-06-21,rule_of_thumb
15,924.4,1.9850128931099553,2.9710112417920826,0.7685111239434893,BNA,2026-06-21,rule_of_thumb
16,961.9333333333333,1.4779836160946351,2.3710494751427924,0.6706010487753827,BNA,2026-06-21,rule_of_thumb
17,1031.7333333333333,1.5686463660360135,2.442373070878987,0.6437996682932966,BNA,2026-06-21,rule_of_thumb
18,1037.2,2.2444617452475337,3.211968888263526,0.7432135711360182,BNA,2026-06-21,rule_of_thumb
19,989.6333333333333,2.191156870750938,3.235022333891847,0.7300053699698895,BNA,2026-06-21,rule_of_thumb
20,874.8333333333334,2.0911240501201873,3.1158955047173533,0.6614983917036921,BNA,2026-06-21,rule_of_thumb
21,826.4,2.223765760246174,3.3341467481643594,0.7430863485311683,BNA,2026-06-21,rule_of_thumb
22,770.0333333333333,2.0349239921154227,2.9855844202772706,0.8388838752438466,BNA,2026-06-21,rule_of_thumb
23,783.3333333333334,2.01216619281926,3.12300593432884,0.6267972041385993,BNA,2026-06-21,rule_of_thumb
24,842.0333333333333,1.1673476700805405,2.252616900421241,0.5012844083959108,BNA,2026-06-21,rule_of_thumb
25,848.1333333333333,1.3499141499699832,2.411879175625949,0.49581112218611656,BNA,2026-06-21,rule_of_thumb
26,835.9666666666667,0.9227162291716449,1.9046147746367128,0.3999916591767104,BNA,2026-06-21,rule_of_thumb
27,886.6333333333333,1.2455145285581148,2.269602665921382,0.40416137087492465,BNA,2026-06-21,rule_of_thumb
28,888.0,1.1080400793553207,2.2559776420280033,0.4425112367305842,BNA,2026-06-21,rule_of_thumb
29,852.9,1.469435148193971,2.441300433567019,0.4069991939286823,BNA,2026-06-21,rule_of_thumb
30,748.0333333333333,1.592299393701747,2.7413546377780116,0.6503742468446382,BNA,2026-06-21,rule_of_thumb
31,626.2666666666667,1.7031837237310306,2.780998005122186,0.7126130792382209,BNA,2026-06-21,rule_of_thumb
32,550.0666666666667,2.296574394026231,3.5838080272973025,0.7748299232734449,BNA,2026-06-21,rule_of_thumb
33,470.76666666666665,3.6836943403278726,5.046953165629004,1.0503275198606559,BNA,2026-06-21,rule_of_thumb
34,399.6666666666667,2.506830287300035,4.354104444252454,0.9874014625274579,BNA,2026-06-21,rule_of_thumb
35,360.1,1.3220375213790876,2.7083451627200295,0.6507632369835827,BNA,2026-06-21,rule_of_thumb
36,333.1666666666667,0.8441410487697444,2.444551756441756,0.7427752195476293,BNA,2026-06-21,rule_of_thumb
37,274.9,1.5966793003571274,3.1921193268398804,0.9328630594352799,BNA,2026-06-21,rule_of_thumb
38,119.43333333333334,2.8786227491486813,4.805951750287261,1.3749180888613262,BNA,2026-06-21,rule_of_thumb
39,4.2,0.3233109497315659,0.6350560923759834,0.4895327729968593,BNA,2026-06-21,rule_of_thumb
40,0.0,0.0,0.0,0.0,BNA,2026-06-21,rule_of_thumb
41,0.0,0.0,0.0,0.0,BNA,2026-06-21,rule_of_thumb
42,0.0,0.0,0.0,0.0,BNA,2026-06-21,rule_of_thumb
43,0.0,0.0,0.0,0.0,BNA,2026-06-21,rule_of_thumb
44,0.0,0.0,0.0,0.0,BNA,2026-06-21,rule_of_thumb
45,1.9333333333333333,0.04205168626842919,0.13016543972224134,0.2320963942816317,BNA,2026-06-21,rule_of_thumb
0,411.93333333333334,8.193738397552903e-07,0.0,0.0,BNA,2026-06-21,flat_feasible
1,695.5,0.0006747165042766056,0.0010422819291657484,0.002042835043381188,BNA,2026-06-21,flat_feasible
2,953.4333333333333,0.00900362619831403,0.06989322564884101,0.027681657163925122,BNA,2026-06-21,flat_feasible
3,1113.1666666666667,0.06551269583589765,0.32765923384676027,0.09367826819061675,BNA,2026-06-21,flat_feasible
4,1277.9,0.2793767244602512,0.9077783938633082,0.18090600629282572,BNA,2026-06-21,flat_feasible
5,1428.9333333333334,1.3948227669755222,2.5996853074756117,0.5038022126042193,BNA,2026-06-21,flat_feasible
6,1476.3666666666666,4.065507308612236,5.483786312327747,0.8295145106710378,BNA,2026-06-21,flat_feasible
7,1366.0,5.623930321220888,6.557287937033597,1.076903410852297,BNA,2026-06-21,flat_feasible
8,1179.4666666666667,3.799304627260191,5.474916262284453,1.0336319562757674,BNA,2026-06-21,flat_feasible
9,1012.1666666666666,0.6265368145155102,1.7725186466818037,0.7458026644307496,BNA,2026-06-21,flat_feasible
10,1043.3333333333333,0.024749089865531378,0.1546405902661777,0.04681189280526857,BNA,2026-06-21,flat_feasible
11,1155.6333333333334,0.10371735889883196,0.4513302436453148,0.11020218361857283,BNA,2026-06-21,flat_feasible
12,1127.6666666666667,0.0733835920373551,0.3516559790961725,0.09265976735470875,BNA,2026-06-21,flat_feasible
13,986.0666666666667,0.02324352794469455,0.15084169349945048,0.06568323989983833,BNA,2026-06-21,flat_feasible
14,960.0666666666667,0.015296441188938302,0.09597958068352334,0.052217955151886424,BNA,2026-06-21,flat_feasible
15,940.9666666666667,0.009273914888640234,0.06707470166900129,0.0182663076787487,BNA,2026-06-21,flat_feasible
16,962.1333333333333,0.007715234111918798,0.05183164082719878,0.02070024028494264,BNA,2026-06-21,flat_feasible
17,1031.2666666666667,0.017190000997658998,0.12381837837723873,0.035732234482370964,BNA,2026-06-21,flat_feasible
18,1032.7666666666667,0.027822646121638473,0.1613536619901884,0.04317482695891708,BNA,2026-06-21,flat_feasible
19,972.0333333333333,0.013633210510577613,0.10729020945735644,0.029508556945359286,BNA,2026-06-21,flat_feasible
20,884.5333333333333,0.0062126288746571275,0.039534601006565626,0.02885215228705457,BNA,2026-06-21,flat_feasible
21,834.2333333333333,0.0028234347382894653,0.014100780296819056,0.010475290501396813,BNA,2026-06-21,flat_feasible
22,776.8333333333334,0.0025600126193091846,0.015582898940102875,0.014205983477722537,BNA,2026-06-21,flat_feasible
23,783.7666666666667,0.003970612678874366,0.024784689337949407,0.03295551679182628,BNA,2026-06-21,flat_feasible
24,837.9333333333333,0.0021998078425610706,0.009540895722510241,0.006613904057560671,BNA,2026-06-21,flat_feasible
25,838.1,0.0025421204782426713,0.013077484003725624,0.009962398220570332,BNA,2026-06-21,flat_feasible
26,840.1,0.0025509679850084796,0.01357349813766798,0.007949910842945078,BNA,2026-06-21,flat_feasible
27,864.7,0.006142102355967479,0.038456500435520354,0.03777704766557952,BNA,2026-06-21,flat_feasible
28,889.8,0.004094488703291233,0.02794546401036917,0.013244181000367977,BNA,2026-06-21,flat_feasible
29,860.9666666666667,0.0037331022778827865,0.023356488307354813,0.01530551388407727,BNA,2026-06-21,flat_feasible
30,747.3666666666667,0.0012693554015683172,0.004715941735743547,0.005068092096543681,BNA,2026-06-21,flat_feasible
31,631.2,0.0002582249380670769,0.0,0.0,BNA,2026-06-21,flat_feasible
32,550.4333333333333,1.611826580850962e-05,0.0,0.0,BNA,2026-06-21,flat_feasible
33,465.2,4.7883356559071e-08,0.0,0.0,BNA,2026-06-21,flat_feasible
34,397.93333333333334,0.0,0.0,0.0,BNA,2026-06-21,flat_feasible
35,356.6,0.0,0.0,0.0,BNA,2026-06-21,flat_feasible
36,330.8,0.0,0.0,0.0,BNA,2026-06-21,flat_feasible
37,276.26666666666665,0.0,0.0,0.0,BNA,2026-06-21,flat_feasible
38,116.43333333333334,0.0,0.0,0.0,BNA,2026-06-21,flat_feasible
39,4.433333333333334,0.0,0.0,0.0,BNA,2026-06-21,flat_feasible
40,0.0,0.0,0.0,0.0,BNA,2026-06-21,flat_feasible
41,0.0,0.0,0.0,0.0,BNA,2026-06-21,flat_feasible
42,0.0,0.0,0.0,0.0,BNA,2026-06-21,flat_feasible
43,0.0,0.0,0.0,0.0,BNA,2026-06-21,flat_feasible
44,0.0,0.0,0.0,0.0,BNA,2026-06-21,flat_feasible
45,1.8333333333333333,0.0,0.0,0.0,BNA,2026-06-21,flat_feasible
0,420.46666666666664,6.229193903664922e-07,0.0,0.0,BNA,2026-06-21,peak_everywhere
1,703.2666666666667,7.309113768667315e-05,0.0,0.0,BNA,2026-06-21,peak_everywhere
2,954.1,0.0030670601012414782,0.016063796099977955,0.013872864144466401,BNA,2026-06-21,peak_everywhere
3,1120.2333333333333,0.010957580427735127,0.08076703215297167,0.023072243979990702,BNA,2026-06-21,peak_everywhere
4,1287.1666666666667,0.08072493095876569,0.3575158852286021,0.08837585638933634,BNA,2026-06-21,peak_everywhere
5,1423.6,0.28280735960550024,0.8216141139802176,0.18012242476184473,BNA,2026-06-21,peak_everywhere
6,1470.6333333333334,0.7797589250359269,1.5609504174549624,0.3659392708933022,BNA,2026-06-21,peak_everywhere
7,1368.9,0.6108098417118252,1.212434498760511,0.42492594126462235,BNA,2026-06-21,peak_everywhere
8,1174.0333333333333,0.06483680063947224,0.3527998959815616,0.15451731771513474,BNA,2026-06-21,peak_everywhere
9,1006.4,0.007208113857492332,0.04726051396066824,0.027502511673550535,BNA,2026-06-21,peak_everywhere
10,1039.2666666666667,0.005635707847854483,0.03684789239034725,0.02136729427570398,BNA,2026-06-21,peak_everywhere
11,1162.1333333333334,0.01645852593337641,0.10759074725698206,0.043456908035571895,BNA,2026-06-21,peak_everywhere
12,1140.9666666666667,0.02179295819981233,0.14725168586289986,0.04322478240002547,BNA,2026-06-21,peak_everywhere
13,968.8,0.005449184882778768,0.039685100536393035,0.0286646932636446,BNA,2026-06-21,peak_everywhere
14,951.5,0.0021593058643456847,0.009499702894932112,0.005798589777182696,BNA,2026-06-21,peak_everywhere
15,934.1,0.002068712521983865,0.009844419346292155,0.010556703919931519,BNA,2026-06-21,peak_everywhere
16,969.2333333333333,0.002617942381213672,0.014682658020737796,0.00822876790230787,BNA,2026-06-21,peak_everywhere
17,1014.3666666666667,0.0025120337930277584,0.014034636651857862,0.01018663631375922,BNA,2026-06-21,peak_everywhere
18,1033.3,0.007565235938913414,0.04562383530222646,0.026767078581293877,BNA,2026-06-21,peak_everywhere
19,987.3,0.004486235287913343,0.02602612909367521,0.02555583369362083,BNA,2026-06-21,peak_everywhere
20,879.0333333333333,0.0005435172614543413,0.0003077099579362148,0.0006031004353808457,BNA,2026-06-21,peak_everywhere
21,837.1333333333333,0.0003855044378153945,0.0004689344450734249,0.0009190946236698734,BNA,2026-06-21,peak_everywhere
22,774.6,0.0002969200395673321,0.0005091415104811857,0.0009978990238116241,BNA,2026-06-21,peak_everywhere
23,792.1666666666666,0.00022472410329606502,0.0,0.0,BNA,2026-06-21,peak_everywhere
24,825.2333333333333,0.00039820849564179144,0.0,0.0,BNA,2026-06-21,peak_everywhere
25,840.9333333333333,0.00034571619412266747,0.0,0.0,BNA,2026-06-21,peak_everywhere
26,855.1333333333333,0.0002975844682544941,0.0,0.0,BNA,2026-06-21,peak_everywhere
27,876.8666666666667,0.0007857266603856654,0.0011305626060656437,0.001579107151949005,BNA,2026-06-21,peak_everywhere
28,888.0333333333333,0.0006618520105037268,0.0010297873467031108,0.001837837615443119,BNA,2026-06-21,peak_everywhere
29,859.6666666666666,0.0007233665837135512,4.3928300480386263e-07,8.609788686381527e-07,BNA,2026-06-21,peak_everywhere
30,755.5,0.00030890929991198403,0.00033278259193214837,0.0006522418950219624,BNA,2026-06-21,peak_everywhere
31,624.5,6.159416547488199e-06,0.0,0.0,BNA,2026-06-21,peak_everywhere
32,552.4666666666667,0.0,0.0,0.0,BNA,2026-06-21,peak_everywhere
33,470.6333333333333,0.0,0.0,0.0,BNA,2026-06-21,peak_everywhere
34,399.6666666666667,0.0,0.0,0.0,BNA,2026-06-21,peak_everywhere
35,357.03333333333336,0.0,0.0,0.0,BNA,2026-06-21,peak_everywhere
36,329.9,0.0,0.0,0.0,BNA,2026-06-21,peak_everywhere
37,285.53333333333336,0.0,0.0,0.0,BNA,2026-06-21,peak_everywhere
38,113.3,0.0,0.0,0.0,BNA,2026-06-21,peak_everywhere
39,4.433333333333334,0.0,0.0,0.0,BNA,2026-06-21,peak_everywhere
40,0.0,0.0,0.0,0.0,BNA,2026-06-21,peak_everywhere
41,0.0,0.0,0.0,0.0,BNA,2026-06-21,peak_everywhere
42,0.0,0.0,0.0,0.0,BNA,2026-06-21,peak_everywhere
43,0.0,0.0,0.0,0.0,BNA,2026-06-21,peak_everywhere
44,0.0,0.0,0.0,0.0,BNA,2026-06-21,peak_everywhere
45,1.9333333333333333,0.0,0.0,0.0,BNA,2026-06-21,peak_everywhere
0,336.53333333333336,0.009895445643240252,0.07724491100488474,0.02579907038561651,BNA,2026-06-27,optimised
1,595.7666666666667,0.6059939200072816,1.7186091054786303,0.3177901662194562,BNA,2026-06-27,optimised
2,876.8333333333334,0.1094528706233231,0.5866127925160483,0.19022762496139678,BNA,2026-06-27,optimised
3,1061.7666666666667,0.2809981062081544,0.8425365797467268,0.15555233341904065,BNA,2026-06-27,optimised
4,1238.5333333333333,0.11599948599259419,0.5003904658114336,0.08858135711076745,BNA,2026-06-27,optimised
5,1389.7333333333333,0.42447836217657214,1.0899438481549244,0.22126338768278556,BNA,2026-06-27,optimised
6,1374.6333333333334,0.5577678150479113,1.1932581911607965,0.2630081673916362,BNA,2026-06-27,optimised
7,1195.0,0.1193026889542364,0.4526907762298898,0.1661693951993479,BNA,2026-06-27,optimised
8,1032.6666666666667,0.8141860411391587,1.7034808547858162,0.24324392282947063,BNA,2026-06-27,optimised
9,873.2333333333333,0.29913750787044013,0.9805754230704679,0.26607521178117544,BNA,2026-06-27,optimised
10,989.6333333333333,0.2340987204155441,0.7843397901256283,0.18200449379084455,BNA,2026-06-27,optimised
11,1038.3,0.3647101528639931,0.9627805257551589,0.20470064450587516,BNA,2026-06-27,optimised
12,895.4333333333333,0.6499940993558351,1.3636103821679626,0.30764876746192554,BNA,2026-06-27,optimised
13,643.9333333333333,0.06675537633178398,0.3659954519067587,0.15481070146740916,BNA,2026-06-27,optimised
14,610.4,0.009176235224354968,0.06651103858443867,0.019850499488282974,BNA,2026-06-27,optimised
15,616.5333333333333,0.010509428782355648,0.07490366733080021,0.030645530044878085,BNA,2026-06-27,optimised
16,631.7666666666667,0.31661296715530607,0.9309534550747832,0.2379687441637555,BNA,2026-06-27,optimised
17,605.7666666666667,0.2650455681881453,0.872057833958653,0.2524555036234104,BNA,2026-06-27,optimised
18,564.9333333333333,0.3924568151570752,1.1473463770751238,0.21485752756409268,BNA,2026-06-27,optimised
19,563.2333333333333,0.4922340501192705,1.3912394966828117,0.35410896409925896,BNA,2026-06-27,optimised
20,581.6666666666666,0.4442635146998419,1.2881037706468432,0.26147476030954575,BNA,2026-06-27,optimised
21,575.8,0.6816329827786938,1.5935713774813989,0.38996788929813436,BNA,2026-06-27,optimised
22,558.3,0.5180934577435913,1.3953622977739726,0.3811026170136232,BNA,2026-06-27,optimised
23,565.3666666666667,0.4140401360945244,1.1089346284194188,0.24692010275081677,BNA,2026-06-27,optimised
24,667.9,0.07726492940042866,0.4059871138236207,0.09975130216868315,BNA,2026-06-27,optimised
25,803.5666666666667,0.35731552425031293,0.9884484075339522,0.2087044614283342,BNA,2026-06-27,optimised
26,857.0,1.0071031142007516,2.0613683942103114,0.31741786467245925,BNA,2026-06-27,optimised
27,821.0,1.0712244221159584,2.0186293165802534,0.4054420357150656,BNA,2026-06-27,optimised
28,754.0666666666667,0.8007557575773689,1.7253447368200265,0.39562965048142973,BNA,2026-06-27,optimised
29,685.1333333333333,0.5398919330188542,1.289051673224643,0.4327073923792909,BNA,2026-06-27,optimised
30,610.6,0.0023089142420158,0.011272748749222824,0.01950550294927055,BNA,2026-06-27,optimised
31,517.9333333333333,9.393685660413419e-05,0.0,0.0,BNA,2026-06-27,optimised
32,440.53333333333336,0.00045849633180969156,0.0,0.0,BNA,2026-06-27,optimised
33,428.3,0.0012991746601581998,0.004124759152224809,0.0072532699295685754,BNA,2026-06-27,optimised
34,433.6666666666667,0.3902362037597421,1.2992369633744443,0.24139117108244834,BNA,2026-06-27,optimised
35,376.6333333333333,0.29587409644836365,1.0021128091149734,0.25318823090618114,BNA,2026-06-27,optimised
36,188.33333333333334,0.055368517596017845,0.2716914920340688,0.1243400607876163,BNA,2026-06-27,optimised
37,11.9,0.0,0.0,0.0,BNA,2026-06-27,optimised
38,0.0,0.0,0.0,0.0,BNA,2026-06-27,optimised
39,0.0,0.0,0.0,0.0,BNA,2026-06-27,optimised
40,0.0,0.0,0.0,0.0,BNA,2026-06-27,optimised
41,0.0,0.0,0.0,0.0,BNA,2026-06-27,optimised
42,0.0,0.0,0.0,0.0,BNA,2026-06-27,optimised
43,0.0,0.0,0.0,0.0,BNA,2026-06-27,optimised
44,0.0,0.0,0.0,0.0,BNA,2026-06-27,optimised
45,2.9,0.07412771398146333,0.2697457561695902,0.2840528311082901,BNA,2026-06-27,optimised
0,334.6333333333333,0.5739393654250708,1.7583550444400033,0.4765995255976319,BNA,2026-06-27,rule_of_thumb
1,602.1,0.8906902343984571,2.2449795121166423,0.40897326073649104,BNA,2026-06-27,rule_of_thumb
2,879.1333333333333,1.2881426642221485,2.3193341415338358,0.3605596764559463,BNA,2026-06-27,rule_of_thumb
3,1061.4666666666667,1.0266518082354241,1.8597813500784346,0.3217898599438761,BNA,2026-06-27,rule_of_thumb
4,1234.9333333333334,0.9293238395219683,1.6168967810770065,0.3819617470724431,BNA,2026-06-27,rule_of_thumb
5,1380.3666666666666,0.7770021426371773,1.5313318281245298,0.32231949147773403,BNA,2026-06-27,rule_of_thumb
6,1355.5666666666666,1.1412831297489239,2.0079194146679367,0.38955824172169884,BNA,2026-06-27,rule_of_thumb
7,1199.8,1.922395669769542,2.9557089429205985,0.6942121211960164,BNA,2026-06-27,rule_of_thumb
8,1039.4,3.159331959404949,4.350475459339549,0.9911182396510959,BNA,2026-06-27,rule_of_thumb
9,877.4,3.6728236758306982,4.609799501427186,1.1030246515735325,BNA,2026-06-27,rule_of_thumb
10,988.4333333333333,2.5234593507172054,3.633374146427005,1.0265916374167687,BNA,2026-06-27,rule_of_thumb
11,1049.2666666666667,1.8124051562184118,2.797927599920035,0.8559114008156444,BNA,2026-06-27,rule_of_thumb
12,903.3,1.9153905560771531,2.8658021859394873,0.8359530507636991,BNA,2026-06-27,rule_of_thumb
13,639.6333333333333,3.095975234608022,4.268594238235561,1.1063372056177707,BNA,2026-06-27,rule_of_thumb
14,610.1,2.6621075457529275,3.923607958667191,1.1680645557519818,BNA,2026-06-27,rule_of_thumb
15,611.6333333333333,2.4273412709636983,3.4644387166220776,1.1270068501622936,BNA,2026-06-27,rule_of_thumb
16,622.4,2.4486974097673224,3.7286097093439916,1.143712953746426,BNA,2026-06-27,rule_of_thumb
17,605.0333333333333,2.4738772419669166,3.5755433285498746,1.114169236762528,BNA,2026-06-27,rule_of_thumb
18,568.7333333333333,1.7278562613983814,2.7081932386564977,1.1798202443795454,BNA,2026-06-27,rule_of_thumb
19,567.7666666666667,1.0815820825654705,2.173055461774032,0.8388104018297158,BNA,2026-06-27,rule_of_thumb
20,579.5333333333333,0.8973297038376254,1.981262671429817,0.5648472612326626,BNA,2026-06-27,rule_of_thumb
21,571.6,0.7377863936021358,1.516553183898199,0.5115000852573963,BNA,2026-06-27,rule_of_thumb
22,571.6666666666666,0.6193509595247311,1.5611432390501563,0.40777256560426034,BNA,2026-06-27,rule_of_thumb
23,561.4333333333333,0.4661610284298653,1.3375654995617376,0.35385049430947557,BNA,2026-06-27,rule_of_thumb
24,662.7,0.5240331709719618,1.3702668920438499,0.34905391101774247,BNA,2026-06-27,rule_of_thumb
25,801.6,1.2138305965592369,2.328866078315543,0.465069128495073,BNA,2026-06-27,rule_of_thumb
26,860.5333333333333,1.7572522678217117,2.869757877413385,0.5128912069360374,BNA,2026-06-27,rule_of_thumb
27,815.8333333333334,1.4974742540593338,2.419928251350898,0.6633765975605718,BNA,2026-06-27,rule_of_thumb
28,758.8,1.511130996106627,2.4877610475847853,0.6573446946936405,BNA,2026-06-27,rule_of_thumb
29,677.5,1.424374949849875,2.495000856910203,0.7810314239762204,BNA,2026-06-27,rule_of_thumb
30,606.9333333333333,1.247817138917395,2.3240015765451765,0.708952333103976,BNA,2026-06-27,rule_of_thumb
31,512.0,1.2481372213797886,2.356410009988186,0.6853140087743863,BNA,2026-06-27,rule_of_thumb
32,444.8666666666667,1.4941174886349347,2.581841436147995,0.8797712601494407,BNA,2026-06-27,rule_of_thumb
33,431.93333333333334,1.1757539633669778,2.5427177476749354,0.7587312391566777,BNA,2026-06-27,rule_of_thumb
34,437.0,1.1870094697198383,2.665285927253211,0.5251908631858734,BNA,2026-06-27,rule_of_thumb
35,372.0,1.8911291090068114,3.4611397528624,0.7816811963482277,BNA,2026-06-27,rule_of_thumb
36,188.96666666666667,3.1315805767712144,5.070219791886225,1.2786365436666394,BNA,2026-06-27,rule_of_thumb
37,11.333333333333334,1.269027271674154,2.1820919580369362,1.2393561113162925,BNA,2026-06-27,rule_of_thumb
38,0.0,0.0,0.0,0.0,BNA,2026-06-27,rule_of_thumb
39,0.0,0.0,0.0,0.0,BNA,2026-06-27,rule_of_thumb
40,0.0,0.0,0.0,0.0,BNA,2026-06-27,rule_of_thumb
41,0.0,0.0,0.0,0.0,BNA,2026-06-27,rule_of_thumb
42,0.0,0.0,0.0,0.0,BNA,2026-06-27,rule_of_thumb
43,0.0,0.0,0.0,0.0,BNA,2026-06-27,rule_of_thumb
44,0.0,0.0,0.0,0.0,BNA,2026-06-27,rule_of_thumb
45,2.433333333333333,0.08454755540010385,0.19205332781893278,0.22988641497292076,BNA,2026-06-27,rule_of_thumb
0,340.3666666666667,0.0,0.0,0.0,BNA,2026-06-27,flat_feasible
1,600.0333333333333,0.0004213874275440643,0.0,0.0,BNA,2026-06-27,flat_feasible
2,870.3,0.010876670817991705,0.08606712610408267,0.03673771985792786,BNA,2026-06-27,flat_feasible
3,1068.7333333333333,0.06815126028333628,0.3214104365569438,0.06867572017113704,BNA,2026-06-27,flat_feasible
4,1236.2666666666667,0.4358697698451858,1.164601762919917,0.27983693192555337,BNA,2026-06-27,flat_feasible
5,1377.6,1.8944067865877021,3.302682734180591,0.419568464320632,BNA,2026-06-27,flat_feasible
6,1357.3666666666666,4.256273720314699,5.421160745801045,0.73282835526389,BNA,2026-06-27,flat_feasible
7,1195.6333333333334,4.332144135889515,5.494863747844678,0.9350074227581999,BNA,2026-06-27,flat_feasible
8,1028.9333333333334,1.6255768840174383,3.1081750433194077,0.8607370280598741,BNA,2026-06-27,flat_feasible
9,875.3,0.04444248371961397,0.25993092040463206,0.19918603017646044,BNA,2026-06-27,flat_feasible
10,1001.2,0.028027868850028694,0.16118997957238454,0.04300519198193959,BNA,2026-06-27,flat_feasible
11,1036.4,0.07985616001934111,0.3511445971220538,0.11140443177230196,BNA,2026-06-27,flat_feasible
12,900.2666666666667,0.028300064238713986,0.14952853112237896,0.0705841758819596,BNA,2026-06-27,flat_feasible
13,639.0,0.0009075570072473878,0.0035056029225317394,0.005173096001941924,BNA,2026-06-27,flat_feasible
14,608.2333333333333,0.0002826396738009417,0.0,0.0,BNA,2026-06-27,flat_feasible
15,610.7333333333333,0.00013333804329357696,0.0,0.0,BNA,2026-06-27,flat_feasible
16,636.7666666666667,0.00036357920480407935,0.0012351904734337331,0.0024209288425452156,BNA,2026-06-27,flat_feasible
17,605.6,0.00029385502341212514,0.0,0.0,BNA,2026-06-27,flat_feasible
18,567.2333333333333,7.162024556541502e-05,0.0,0.0,BNA,2026-06-27,flat_feasible
19,562.7,3.1683168179833505e-05,0.0,0.0,BNA,2026-06-27,flat_feasible
20,587.4333333333333,9.282625217444099e-05,0.0,0.0,BNA,2026-06-27,flat_feasible
21,579.0,0.0002389590454343229,0.0009356604471008722,0.0018338607785067086,BNA,2026-06-27,flat_feasible
22,551.0333333333333,8.606737966214691e-05,0.0,0.0,BNA,2026-06-27,flat_feasible
23,570.1333333333333,8.701370854610536e-05,0.0,0.0,BNA,2026-06-27,flat_feasible
24,666.3333333333334,0.000697027185549039,0.0028709462312807867,0.004139451987686621,BNA,2026-06-27,flat_feasible
25,804.9333333333333,0.005283540624930977,0.038301259916267,0.019123787314942995,BNA,2026-06-27,flat_feasible
26,862.1666666666666,0.008580112425352136,0.0676386474438091,0.03649650122144579,BNA,2026-06-27,flat_feasible
27,817.5333333333333,0.0064675836415788775,0.047460651852092396,0.03411458111317235,BNA,2026-06-27,flat_feasible
28,753.5666666666667,0.0021373577497950436,0.009655596065846128,0.006056288026396175,BNA,2026-06-27,flat_feasible
29,682.9333333333333,0.0006758704551311211,0.00020652190044074815,0.00040477548697762203,BNA,2026-06-27,flat_feasible
30,603.2333333333333,0.00010601047026202458,0.0,0.0,BNA,2026-06-27,flat_feasible
31,520.2,5.718956323982785e-05,0.0,0.0,BNA,2026-06-27,flat_feasible
32,441.1666666666667,4.612184526510128e-05,0.0,0.0,BNA,2026-06-27,flat_feasible
33,429.53333333333336,0.0,0.0,0.0,BNA,2026-06-27,flat_feasible
34,434.6666666666667,6.3079852537813635e-06,0.0,0.0,BNA,2026-06-27,flat_feasible
35,373.93333333333334,0.0,0.0,0.0,BNA,2026-06-27,flat_feasible
36,194.4,0.0,0.0,0.0,BNA,2026-06-27,flat_feasible
37,11.4,0.0,0.0,0.0,BNA,2026-06-27,flat_feasible
38,0.0,0.0,0.0,0.0,BNA,2026-06-27,flat_feasible
39,0.0,0.0,0.0,0.0,BNA,2026-06-27,flat_feasible
40,0.0,0.0,0.0,0.0,BNA,2026-06-27,flat_feasible
41,0.0,0.0,0.0,0.0,BNA,2026-06-27,flat_feasible
42,0.0,0.0,0.0,0.0,BNA,2026-06-27,flat_feasible
43,0.0,0.0,0.0,0.0,BNA,2026-06-27,flat_feasible
44,0.0,0.0,0.0,0.0,BNA,2026-06-27,flat_feasible
45,2.466666666666667,0.0,0.0,0.0,BNA,2026-06-27,flat_feasible
0,334.8666666666667,0.0,0.0,0.0,BNA,2026-06-27,peak_everywhere
1,606.8333333333334,0.00010671770900522834,0.0,0.0,BNA,2026-06-27,peak_everywhere
2,871.6333333333333,0.0028498854301524986,0.016714917523691825,0.015767860645159084,BNA,2026-06-27,peak_everywhere
3,1057.6333333333334,0.011396141344827585,0.0776600231336551,0.020021747932112588,BNA,2026-06-27,peak_everywhere
4,1236.3666666666666,0.09727757957940726,0.46106753641271,0.14542504218440847,BNA,2026-06-27,peak_everywhere
5,1374.7666666666667,0.46612611596662,1.0748370730674222,0.29388771982832235,BNA,2026-06-27,peak_everywhere
6,1351.7,0.6459332108095921,1.256890817665096,0.34340982794629427,BNA,2026-06-27,peak_everywhere
7,1206.1,0.23638795947961636,0.7253456150133012,0.29604844969294286,BNA,2026-06-27,peak_everywhere
8,1025.5,0.011684701949023522,0.08257588808354924,0.03160556609558503,BNA,2026-06-27,peak_everywhere
9,873.3333333333334,0.0026427519136101346,0.014580937681695983,0.012314408455917391,BNA,2026-06-27,peak_everywhere
10,997.6666666666666,0.00809588157165304,0.055898402707724476,0.023190324098745135,BNA,2026-06-27,peak_everywhere
11,1042.2333333333333,0.015087386131633232,0.10395707099059576,0.059443805428013724,BNA,2026-06-27,peak_everywhere
12,888.3,0.004124924485971439,0.025270703627568846,0.01710417555717882,BNA,2026-06-27,peak_everywhere
13,641.5666666666667,9.338366838055129e-05,0.0,0.0,BNA,2026-06-27,peak_everywhere
14,607.9666666666667,1.5003595783412654e-05,0.0,0.0,BNA,2026-06-27,peak_everywhere
15,621.7,6.313181213190971e-05,0.0,0.0,BNA,2026-06-27,peak_everywhere
16,629.1333333333333,2.968211673664651e-05,0.0,0.0,BNA,2026-06-27,peak_everywhere
17,600.5666666666667,6.972465366120587e-06,0.0,0.0,BNA,2026-06-27,peak_everywhere
18,571.9666666666667,1.012883621550003e-05,0.0,0.0,BNA,2026-06-27,peak_everywhere
19,563.6333333333333,1.3660430230881455e-05,0.0,0.0,BNA,2026-06-27,peak_everywhere
20,590.3,2.489876013571585e-06,0.0,0.0,BNA,2026-06-27,peak_everywhere
21,571.6,1.506889740997656e-05,0.0,0.0,BNA,2026-06-27,peak_everywhere
22,562.3,6.170956610590562e-06,0.0,0.0,BNA,2026-06-27,peak_everywhere
23,562.4333333333333,4.417135560002725e-06,0.0,0.0,BNA,2026-06-27,peak_everywhere
24,673.1333333333333,0.0002171250273481724,0.0,0.0,BNA,2026-06-27,peak_everywhere
25,806.7,0.0008184052369046827,0.002533036944748801,0.003532331582535089,BNA,2026-06-27,peak_everywhere
26,863.1333333333333,0.0011554894824859303,0.0017177864749478003,0.002113576719080222,BNA,2026-06-27,peak_everywhere
27,824.1,0.0008240117219702222,0.0012772286234841522,0.0021858396191006225,BNA,2026-06-27,peak_everywhere
28,760.4333333333333,0.0004752898317725733,0.0002501130506258651,0.0004902125714051772,BNA,2026-06-27,peak_everywhere
29,678.1333333333333,2.179276207149132e-05,0.0,0.0,BNA,2026-06-27,peak_everywhere
30,621.0666666666667,1.4263330633453308e-05,0.0,0.0,BNA,2026-06-27,peak_everywhere
31,516.4333333333333,1.0230266820488583e-05,0.0,0.0,BNA,2026-06-27,peak_everywhere
32,437.0,6.125594729753545e-07,0.0,0.0,BNA,2026-06-27,peak_everywhere
33,439.46666666666664,0.0,0.0,0.0,BNA,2026-06-27,peak_everywhere
34,434.1333333333333,1.740022782351721e-06,0.0,0.0,BNA,2026-06-27,peak_everywhere
35,371.3666666666667,0.0,0.0,0.0,BNA,2026-06-27,peak_everywhere
36,191.06666666666666,0.0,0.0,0.0,BNA,2026-06-27,peak_everywhere
37,12.466666666666667,0.0,0.0,0.0,BNA,2026-06-27,peak_everywhere
38,0.0,0.0,0.0,0.0,BNA,2026-06-27,peak_everywhere
39,0.0,0.0,0.0,0.0,BNA,2026-06-27,peak_everywhere
40,0.0,0.0,0.0,0.0,BNA,2026-06-27,peak_everywhere
41,0.0,0.0,0.0,0.0,BNA,2026-06-27,peak_everywhere
42,0.0,0.0,0.0,0.0,BNA,2026-06-27,peak_everywhere
43,0.0,0.0,0.0,0.0,BNA,2026-06-27,peak_everywhere
44,0.0,0.0,0.0,0.0,BNA,2026-06-27,peak_everywhere
45,2.066666666666667,0.0,0.0,0.0,BNA,2026-06-27,peak_everywhere
